-- phpMyAdmin SQL Dump
-- version 3.4.11.1deb2+deb7u1
-- http://www.phpmyadmin.net
--
-- Servidor: localhost
-- Tiempo de generación: 08-02-2015 a las 16:57:17
-- Versión del servidor: 1.0.15
-- Versión de PHP: 5.4.36-0+deb7u1

SET SQL_MODE="NO_AUTO_VALUE_ON_ZERO";
SET time_zone = "+00:00";


/*!40101 SET @OLD_CHARACTER_SET_CLIENT=@@CHARACTER_SET_CLIENT */;
/*!40101 SET @OLD_CHARACTER_SET_RESULTS=@@CHARACTER_SET_RESULTS */;
/*!40101 SET @OLD_COLLATION_CONNECTION=@@COLLATION_CONNECTION */;
/*!40101 SET NAMES utf8 */;

--
-- Base de datos: `bd_sigaf`
--
CREATE DATABASE `bd_sigaf` DEFAULT CHARACTER SET utf8 COLLATE utf8_spanish_ci;
USE `bd_sigaf`;

-- --------------------------------------------------------

--
-- Estructura de tabla para la tabla `constancia`
--

CREATE TABLE IF NOT EXISTS `constancia` (
  `id` int(10) NOT NULL AUTO_INCREMENT,
  `dni_persona` int(8) NOT NULL COMMENT 'Documento de Identidad de la persona a quien se le imprime la constancia',
  `tipo` varchar(18) COLLATE utf8_spanish_ci NOT NULL COMMENT 'Almacena el tipo de constancia que se imprime',
  `fecha_imp` date NOT NULL COMMENT 'Fecha que se registra cuando se dice que la carta ha sido generada',
  PRIMARY KEY (`id`),
  KEY `dni_persona` (`dni_persona`)
) ENGINE=InnoDB  DEFAULT CHARSET=utf8 COLLATE=utf8_spanish_ci COMMENT='Utilizada para registrar las veces que se imprimen cartas de residencia.' AUTO_INCREMENT=39 ;

--
-- Volcado de datos para la tabla `constancia`
--

INSERT INTO `constancia` (`id`, `dni_persona`, `tipo`, `fecha_imp`) VALUES
(4, 11442751, 'Residencia', '2014-10-28'),
(5, 24841294, 'Bajos recursos', '2014-10-28'),
(7, 10881600, 'Residencia', '2014-11-02'),
(8, 10881600, 'Buena conducta', '2014-11-02'),
(9, 10881600, 'Bajos recursos', '2014-11-02'),
(11, 11442751, 'Bajos recursos', '2014-11-06'),
(13, 11442751, 'Residencia', '2014-11-11'),
(14, 11442751, 'Buena conducta', '2014-11-11'),
(15, 24841294, 'Bajos recursos', '2014-11-11'),
(17, 21011917, 'Buena conducta', '2014-12-01'),
(18, 21011917, 'Residencia', '2014-12-01'),
(19, 19331964, 'Residencia', '2014-12-13'),
(20, 19331964, 'Buena conducta', '2014-12-13'),
(21, 19331964, 'Bajos recursos', '2014-12-13'),
(22, 6827358, 'Residencia', '2014-12-14'),
(23, 11442751, 'Bajos recursos', '2014-12-22'),
(24, 10877022, 'Residencia', '2014-12-23'),
(25, 22922544, 'Residencia', '2014-12-23'),
(26, 3807715, 'Residencia', '2014-12-24'),
(27, 21011917, 'Bajos recursos', '2014-12-25'),
(28, 24841291, 'Residencia', '2014-12-25'),
(29, 24841291, 'Bajos recursos', '2014-12-25'),
(30, 16062844, 'Residencia', '2015-01-07'),
(31, 21011917, 'Residencia', '2015-01-07'),
(32, 21011917, 'Bajos recursos', '2015-01-07'),
(33, 3807715, 'Residencia', '2015-01-07'),
(34, 10877022, 'Residencia', '2015-01-07'),
(35, 22922544, 'Residencia', '2015-01-10'),
(36, 10877022, 'Buena conducta', '2015-01-11'),
(37, 16062844, 'Bajos recursos', '2015-01-11'),
(38, 11442751, 'Residencia', '2015-02-05');

-- --------------------------------------------------------

--
-- Estructura de tabla para la tabla `direccion`
--

CREATE TABLE IF NOT EXISTS `direccion` (
  `id` int(3) NOT NULL AUTO_INCREMENT,
  `direccion` varchar(60) COLLATE utf8_spanish_ci NOT NULL COMMENT 'Dirección de la persona',
  `sector` varchar(50) COLLATE utf8_spanish_ci NOT NULL COMMENT 'Sector donde se ubica la familia',
  `numero_casa` int(6) NOT NULL COMMENT 'Número de casas de la familia',
  `id_parroquia` int(3) NOT NULL,
  `id_rep_familia` int(3) NOT NULL,
  PRIMARY KEY (`id`),
  KEY `id_parroquia` (`id_parroquia`),
  KEY `id_jefe_familia` (`id_rep_familia`)
) ENGINE=InnoDB  DEFAULT CHARSET=utf8 COLLATE=utf8_spanish_ci AUTO_INCREMENT=50 ;

--
-- Volcado de datos para la tabla `direccion`
--

INSERT INTO `direccion` (`id`, `direccion`, `sector`, `numero_casa`, `id_parroquia`, `id_rep_familia`) VALUES
(6, '4ta calle de charallave', 'La Poza', 1, 743, 1),
(9, 'Charallave, Cuarta Callle', 'La Poza', 3, 743, 2),
(23, 'Charallave, 4ta Calle', 'Punta Brava', 0, 743, 3),
(24, 'Charallave, Calle Cuatro', 'Los Primos', 4, 743, 4),
(45, 'Charallave, 4ta Calle', 'Punta Brava', 0, 743, 6),
(47, 'Charallave, 4ta Calle', 'Punta Brava', 0, 743, 8),
(48, '4ta Calle de Charallave', 'Sangrijuela', 0, 743, 9);

-- --------------------------------------------------------

--
-- Estructura de tabla para la tabla `estado`
--

CREATE TABLE IF NOT EXISTS `estado` (
  `id` int(2) NOT NULL AUTO_INCREMENT COMMENT 'Identificador de la tabla Estado',
  `nombre_estado` varchar(50) COLLATE utf8_spanish_ci NOT NULL COMMENT 'Indica el nombre del estado almacenado',
  PRIMARY KEY (`id`)
) ENGINE=InnoDB  DEFAULT CHARSET=utf8 COLLATE=utf8_spanish_ci COMMENT='Entidad que contiene informacion sobre estados. Desarrollado por Jose Rodriguez <josearodrigueze@gmail.com> @josearodrigueze' AUTO_INCREMENT=25 ;

--
-- Volcado de datos para la tabla `estado`
--

INSERT INTO `estado` (`id`, `nombre_estado`) VALUES
(1, 'Dtto. Capital'),
(2, 'Anzoategui'),
(3, 'Apure'),
(4, 'Aragua'),
(5, 'Barinas'),
(6, 'Bolivar'),
(7, 'Carabobo'),
(8, 'Cojedes'),
(9, 'Falcon'),
(10, 'Guarico'),
(11, 'Lara'),
(12, 'Merida'),
(13, 'Miranda'),
(14, 'Monagas'),
(15, 'Nueva Esparta'),
(16, 'Portuguesa'),
(17, 'Sucre'),
(18, 'Tachira'),
(19, 'Trujillo'),
(20, 'Yaracuy'),
(21, 'Zulia'),
(22, 'Amazonas'),
(23, 'Delta Amacuro'),
(24, 'Vargas');

-- --------------------------------------------------------

--
-- Estructura de tabla para la tabla `familia`
--

CREATE TABLE IF NOT EXISTS `familia` (
  `id` int(3) NOT NULL AUTO_INCREMENT,
  `dni_rep` int(8) NOT NULL COMMENT 'Número de documento de indentidad del representante familiar',
  `subsidio_habitacional` varchar(50) COLLATE utf8_spanish_ci NOT NULL COMMENT 'Insitución que les brindó subssidió habitacional',
  `solicitud_vivienda` varchar(50) COLLATE utf8_spanish_ci NOT NULL COMMENT 'Insitución donde solicitó vivienda',
  `seguro_social` varchar(50) COLLATE utf8_spanish_ci NOT NULL COMMENT 'Insitución donde posee seguro social',
  PRIMARY KEY (`id`),
  UNIQUE KEY `dni_rep_2` (`dni_rep`)
) ENGINE=InnoDB  DEFAULT CHARSET=utf8 COLLATE=utf8_spanish_ci COMMENT='tabla auxiliar para guardar el documento de identidad del representante familiar' AUTO_INCREMENT=11 ;

--
-- Volcado de datos para la tabla `familia`
--

INSERT INTO `familia` (`id`, `dni_rep`, `subsidio_habitacional`, `solicitud_vivienda`, `seguro_social`) VALUES
(1, 10881600, '', '', ''),
(2, 11442751, 'Ninguno', 'Oka', 'Dos'),
(3, 10877022, '', '', ''),
(4, 3807715, 'A', 'B', 'C'),
(6, 22922544, '', '', ''),
(8, 19331964, '', '', ''),
(9, 16062844, '', '', '');

-- --------------------------------------------------------

--
-- Estructura de tabla para la tabla `historial`
--

CREATE TABLE IF NOT EXISTS `historial` (
  `id` int(10) NOT NULL AUTO_INCREMENT,
  `accion` text COLLATE utf8_spanish_ci NOT NULL,
  `fecha` date NOT NULL,
  `hora` time NOT NULL,
  `id_usuario` int(2) NOT NULL,
  PRIMARY KEY (`id`),
  KEY `id_usuario` (`id_usuario`)
) ENGINE=InnoDB  DEFAULT CHARSET=utf8 COLLATE=utf8_spanish_ci AUTO_INCREMENT=180 ;

--
-- Volcado de datos para la tabla `historial`
--

INSERT INTO `historial` (`id`, `accion`, `fecha`, `hora`, `id_usuario`) VALUES
(1, 'Inició sesión', '2015-01-10', '05:48:17', 1),
(2, 'Actualizó la configuración del consejo comunal', '2015-01-10', '05:49:10', 1),
(46, 'Inició sesión', '2015-01-11', '07:33:13', 1),
(47, 'Actualizó la configuración del consejo comunal', '2015-01-11', '07:33:39', 1),
(73, 'Finalizó sesión', '2015-01-11', '07:52:39', 1),
(74, 'Inició sesión', '2015-01-11', '07:52:42', 2),
(75, 'Finalizó sesión', '2015-01-11', '08:18:33', 2),
(76, 'Inició sesión', '2015-01-11', '08:18:36', 1),
(77, 'Registró a la vocería: <b>AAAA</b>', '2015-01-11', '08:18:43', 1),
(78, 'Eliminó al vocero identificado por: <b>11442751</b>', '2015-01-11', '08:25:45', 1),
(79, 'Restauró al vocero identificado por: <b>11442751</b>', '2015-01-11', '08:32:08', 1),
(80, 'Actualizó a la persona de identificación: <b>21011917</b>', '2015-01-11', '08:32:57', 1),
(81, 'Actualizó a la persona de identificación: <b>21011917</b>', '2015-01-11', '08:51:08', 1),
(87, 'Actualizó la configuración de sistema', '2015-01-11', '10:20:08', 1),
(88, 'Actualizó la configuración de sistema', '2015-01-11', '10:20:17', 1),
(89, 'Inició sesión', '2015-01-20', '17:14:17', 1),
(90, 'Inició sesión', '2015-01-22', '01:30:35', 1),
(91, 'Inició sesión', '2015-01-24', '07:16:41', 1),
(92, 'Inició sesión', '2015-01-29', '14:59:40', 1),
(93, 'Restauró al vocero identificado por: <b>19331964</b>', '2015-01-29', '15:53:46', 1),
(94, 'Atualizó al vocero de identificación: <b>V-19331964</b>', '2015-01-29', '15:53:57', 1),
(95, 'Atualizó al vocero de identificación: <b>V-11442751</b>', '2015-01-29', '15:54:04', 1),
(96, 'Atualizó al vocero de identificación: <b>V-21011917</b>', '2015-01-29', '16:13:51', 1),
(97, 'Atualizó al vocero de identificación: <b>V-16062844</b>', '2015-01-29', '16:14:04', 1),
(98, 'Atualizó al vocero de identificación: <b>V-21011917</b>', '2015-01-29', '16:27:37', 1),
(99, 'Atualizó al vocero de identificación: <b>V-24841294</b>', '2015-01-29', '16:27:50', 1),
(100, 'Inició sesión', '2015-02-02', '17:15:51', 1),
(101, 'Actualizó la configuración del consejo comunal', '2015-02-02', '17:21:30', 1),
(102, 'Actualizó la configuración del consejo comunal', '2015-02-02', '17:21:35', 1),
(104, 'Registró al proyecto: <b>MEJORAMIENTO DE LA ELECTRICIDAD DEL SECTOR LA POZA</b>', '2015-02-02', '17:39:51', 1),
(105, 'Actualizó a la persona de identificación: <b>21011917</b>', '2015-02-02', '17:58:41', 1),
(106, 'Actualizó a la persona de identificación: <b>21011917</b>', '2015-02-02', '17:59:00', 1),
(107, 'Actualizó a la persona de identificación: <b>21011917</b>', '2015-02-02', '17:59:08', 1),
(108, 'Actualizó a la persona de identificación: <b>21011917</b>', '2015-02-02', '17:59:55', 1),
(109, 'Actualizó al usuario <b>Carlos</b>', '2015-02-02', '18:00:07', 1),
(110, 'Actualizó al usuario <b>Daniel</b>', '2015-02-02', '18:00:15', 1),
(111, 'Actualizó al usuario <b>Monica</b>', '2015-02-02', '18:00:24', 1),
(112, 'Actualizó al usuario <b>Luis</b>', '2015-02-02', '18:01:07', 1),
(113, 'Actualizó al usuario <b>Luis</b>', '2015-02-02', '18:01:13', 1),
(114, 'Inició sesión', '2015-02-03', '03:07:31', 2),
(115, 'Finalizó sesión', '2015-02-03', '03:09:37', 2),
(116, 'Inició sesión', '2015-02-03', '03:09:41', 1),
(117, 'Actualizó a la persona de identificación: <b>51234321</b>', '2015-02-03', '03:10:22', 1),
(118, 'Finalizó sesión', '2015-02-03', '03:25:45', 1),
(119, 'Inició sesión', '2015-02-03', '03:29:12', 1),
(120, 'Finalizó sesión', '2015-02-03', '03:36:23', 1),
(121, 'Inició sesión', '2015-02-03', '03:38:08', 2),
(122, 'Finalizó sesión', '2015-02-03', '03:38:22', 2),
(123, 'Inició sesión', '2015-02-03', '03:38:26', 1),
(124, 'Finalizó sesión', '2015-02-03', '03:38:40', 1),
(125, 'Inició sesión', '2015-02-03', '03:38:43', 7),
(126, 'Actualizó al usuario <b>Luis</b>', '2015-02-03', '03:38:52', 7),
(127, 'Finalizó sesión', '2015-02-03', '03:38:54', 7),
(128, 'Inició sesión', '2015-02-03', '03:38:57', 7),
(129, 'Finalizó sesión', '2015-02-03', '03:46:17', 7),
(130, 'Inició sesión', '2015-02-03', '03:46:21', 2),
(131, 'Finalizó sesión', '2015-02-03', '03:51:53', 2),
(132, 'Inició sesión', '2015-02-03', '03:51:56', 1),
(133, 'Actualizó al usuario <b>Miguel</b>', '2015-02-03', '03:52:11', 1),
(134, 'Actualizó al usuario <b>Miguel</b>', '2015-02-03', '03:52:33', 1),
(135, 'Actualizó al usuario <b>Miguel</b>', '2015-02-03', '03:52:39', 1),
(136, 'Actualizó al usuario <b>Miguel</b>', '2015-02-03', '04:02:26', 1),
(137, 'Actualizó al usuario <b>Miguel</b>', '2015-02-03', '04:02:40', 1),
(138, 'Actualizó a la persona de identificación: <b>21011917</b>', '2015-02-03', '04:04:37', 1),
(139, 'Actualizó a la persona de identificación: <b>21011917</b>', '2015-02-03', '04:04:45', 1),
(140, 'Eliminó al vocero identificado por: <b>22922544</b>', '2015-02-04', '05:20:44', 1),
(141, 'Restauró al vocero identificado por: <b>22922544</b>', '2015-02-04', '05:21:08', 1),
(142, 'Finalizó sesión', '2015-02-04', '05:21:56', 1),
(143, 'Ha renovado al vocero de identificación: <b>V-22922544</b>', '2015-02-04', '05:24:29', 1),
(144, 'Inició sesión', '2015-02-04', '05:27:54', 1),
(145, 'Registró a la vocería: <b>12322</b>', '2015-02-04', '05:28:02', 1),
(146, 'Actualizó la configuración del consejo comunal', '2015-02-04', '05:42:04', 1),
(147, 'Actualizó la configuración del consejo comunal', '2015-02-04', '05:42:26', 1),
(148, 'Actualizó la configuración del consejo comunal', '2015-02-04', '05:42:53', 1),
(149, 'Actualizó la configuración del consejo comunal', '2015-02-04', '05:42:59', 1),
(150, 'Actualizó la configuración del consejo comunal', '2015-02-04', '05:43:28', 1),
(151, 'Actualizó la configuración del consejo comunal', '2015-02-04', '05:44:17', 1),
(152, 'Actualizó la configuración del consejo comunal', '2015-02-04', '05:44:56', 1),
(153, 'Actualizó la configuración del consejo comunal', '2015-02-04', '05:46:30', 1),
(154, 'Actualizó a la persona de identificación: <b>11111123</b>', '2015-02-04', '06:00:05', 1),
(155, 'Actualizó a la persona de identificación: <b>11111123</b>', '2015-02-04', '06:00:42', 1),
(156, 'Actualizó a la familia del respresentante: <b>21011917</b>', '2015-02-04', '06:02:40', 1),
(157, 'Actualizó a la persona de identificación: <b>11442751</b>', '2015-02-04', '06:02:58', 1),
(158, 'Actualizó a la persona de identificación: <b>12343212</b>', '2015-02-04', '06:03:22', 1),
(159, 'Actualizó a la familia del respresentante: <b>11442751</b>', '2015-02-04', '06:07:03', 1),
(160, 'Actualizó a la persona de identificación: <b>21011917</b>', '2015-02-04', '06:07:14', 1),
(161, 'Actualizó la configuración del consejo comunal', '2015-02-04', '06:27:01', 1),
(162, 'Finalizó sesión', '2015-02-04', '07:01:42', 1),
(163, 'Inició sesión', '2015-02-04', '07:03:11', 1),
(164, 'Registró una compra con número de factura: <b>1</b>', '2015-02-05', '14:43:08', 1),
(165, 'Inició sesión', '2015-02-05', '14:50:22', 2),
(166, 'Inició sesión', '2015-02-05', '15:21:53', 1),
(167, 'Agregó miembro de identificación: <b></b> a una familia', '2015-02-05', '15:36:32', 1),
(168, 'Registró a la vocería: <b>AAAA1</b>', '2015-02-05', '15:53:32', 1),
(169, 'Agrego al vocero de identificación: <b>-</b>', '2015-02-05', '15:54:06', 1),
(170, 'Registró al usuario <b>Nombre</b>', '2015-02-05', '16:04:08', 1),
(171, 'Registró al proyecto: <b>MI PROYECTO 20</b>', '2015-02-05', '16:06:40', 1),
(173, 'Registró el patrimonio: <b>SILL01</b>', '2015-02-05', '16:08:15', 1),
(174, 'Registró una compra con número de factura: <b>015487</b>', '2015-02-05', '16:08:51', 1),
(175, 'Inició sesión', '2015-02-07', '02:35:18', 1),
(176, 'Finalizó sesión', '2015-02-07', '02:35:46', 1),
(177, 'Inició sesión', '2015-02-07', '02:41:16', 1),
(178, 'Inició sesión', '2015-02-07', '02:57:37', 1),
(179, 'Inició sesión', '2015-02-08', '15:57:48', 1);

-- --------------------------------------------------------

--
-- Estructura de tabla para la tabla `libro_compra`
--

CREATE TABLE IF NOT EXISTS `libro_compra` (
  `id` int(11) NOT NULL AUTO_INCREMENT,
  `fecha` date NOT NULL,
  `referencia` varchar(50) COLLATE utf8_spanish_ci NOT NULL,
  `proveedor` varchar(50) COLLATE utf8_spanish_ci NOT NULL,
  `precio_neto` float(9,2) NOT NULL,
  PRIMARY KEY (`id`)
) ENGINE=InnoDB  DEFAULT CHARSET=utf8 COLLATE=utf8_spanish_ci AUTO_INCREMENT=21 ;

--
-- Volcado de datos para la tabla `libro_compra`
--

INSERT INTO `libro_compra` (`id`, `fecha`, `referencia`, `proveedor`, `precio_neto`) VALUES
(1, '2014-09-07', '1313', 'Reloj', 1312.99),
(2, '2014-09-10', '31231', 'Hola que haces', 300.00),
(3, '2014-10-08', '333669', 'Carabobeña', 5000.00),
(4, '2014-10-08', '333669', 'Carabobeña', 5000.00),
(5, '2014-10-01', '333669', 'Carabobeña', 5000.00),
(6, '2014-10-16', '111151615513', 'Un proveedor', 587998.00),
(7, '2014-11-04', '6516511561', 'Ferreteria Z', 2500.00),
(12, '2014-12-10', '6514651165', 'Distribuidora y variedades Doris', 5000.00),
(14, '2014-11-04', '3511110', 'Proveedor', 10.00),
(15, '2014-11-28', '1334', 'Proveedor2', 14.00),
(16, '2014-11-28', '01145', 'Labrador', 903.00),
(17, '2014-12-18', '8888', 'MercadoLibre', 7980.00),
(18, '2014-12-01', '2123', 'Amazon', 1000.00),
(20, '2015-02-04', '015487', 'Farmatodo', 5036.54);

-- --------------------------------------------------------

--
-- Estructura de tabla para la tabla `libro_inventario`
--

CREATE TABLE IF NOT EXISTS `libro_inventario` (
  `id` int(11) NOT NULL AUTO_INCREMENT,
  `codigo` varchar(10) COLLATE utf8_spanish_ci NOT NULL COMMENT 'Código del patrimonio',
  `descripcion` varchar(60) COLLATE utf8_spanish_ci NOT NULL,
  `cantidad` int(6) NOT NULL,
  `precio_unitario` float(9,2) NOT NULL,
  PRIMARY KEY (`id`),
  UNIQUE KEY `codigo` (`codigo`)
) ENGINE=InnoDB  DEFAULT CHARSET=utf8 COLLATE=utf8_spanish_ci AUTO_INCREMENT=6 ;

--
-- Volcado de datos para la tabla `libro_inventario`
--

INSERT INTO `libro_inventario` (`id`, `codigo`, `descripcion`, `cantidad`, `precio_unitario`) VALUES
(1, 'COMP001', 'Computadora de escritorio', 1, 25000.00),
(2, 'IMP001', 'Impresora multifunciona HP', 1, 3000.00),
(3, 'MES001', 'Mesa de escritorio', 1, 1000.00),
(4, 'SELL001', 'Sello', 2, 100.00),
(5, 'SILL01', 'Silla', 3, 500.00);

-- --------------------------------------------------------

--
-- Estructura de tabla para la tabla `libro_mayor`
--

CREATE TABLE IF NOT EXISTS `libro_mayor` (
  `id` int(5) NOT NULL AUTO_INCREMENT COMMENT 'compo clave de la tabla',
  `comprobante` int(12) NOT NULL COMMENT 'Número de comprobante de la cuenta',
  `tipo_op` varchar(8) COLLATE utf8_spanish_ci NOT NULL COMMENT 'Tipo de operación: Ingreso o egreso',
  `descripcion` varchar(80) COLLATE utf8_spanish_ci NOT NULL COMMENT 'Descripción de la operación',
  `monto` float(9,2) NOT NULL COMMENT 'Monto que se ingresa',
  `fecha_comp` date NOT NULL COMMENT 'Fecha del comprobante',
  `fecha_op` date NOT NULL COMMENT 'Fecha en la cual se realiza la operación',
  `hora_op` time NOT NULL COMMENT 'Hora en el cuela se realiza la opeación',
  PRIMARY KEY (`id`)
) ENGINE=InnoDB  DEFAULT CHARSET=utf8 COLLATE=utf8_spanish_ci COMMENT='Tabla que lleva control de la entrada y salida del flujo de dinero' AUTO_INCREMENT=8 ;

--
-- Volcado de datos para la tabla `libro_mayor`
--

INSERT INTO `libro_mayor` (`id`, `comprobante`, `tipo_op`, `descripcion`, `monto`, `fecha_comp`, `fecha_op`, `hora_op`) VALUES
(1, 23165161, 'Ingreso', 'Capital inicial', 10000.00, '2015-01-06', '2015-01-11', '09:06:49'),
(2, 321331, 'Egreso', 'Gastos menores', 5030.00, '2015-01-01', '2015-01-11', '09:12:28'),
(3, 1111112222, 'Egreso', 'ok', 4970.00, '2015-01-11', '2015-01-11', '09:21:11'),
(4, 132131, 'Ingreso', 'Descripción de la operación', 1.00, '2015-01-02', '2015-01-11', '09:23:38'),
(6, 110001, 'Ingreso', 'Presupuesto de proyecto de electrificación', 800000.00, '2015-01-26', '2015-02-02', '17:30:15'),
(7, 100223, 'Egreso', 'Pasaje', 200.00, '2015-02-05', '2015-02-05', '16:09:56');

-- --------------------------------------------------------

--
-- Estructura de tabla para la tabla `municipio`
--

CREATE TABLE IF NOT EXISTS `municipio` (
  `id` int(3) NOT NULL AUTO_INCREMENT COMMENT 'Identificador de Munucipio',
  `nombre_municipio` varchar(50) COLLATE utf8_spanish_ci NOT NULL,
  `estado_id` int(2) NOT NULL COMMENT 'Identificador del estado al que pertenece la parroquia',
  PRIMARY KEY (`id`),
  KEY `fk_municipio_estado1` (`estado_id`)
) ENGINE=InnoDB  DEFAULT CHARSET=utf8 COLLATE=utf8_spanish_ci COMMENT='Entidad que contiene la informacion de municipios. Desarrollado por Jose Rodriguez <josearodrigueze@gmail.com> @josearodrigueze' AUTO_INCREMENT=336 ;

--
-- Volcado de datos para la tabla `municipio`
--

INSERT INTO `municipio` (`id`, `nombre_municipio`, `estado_id`) VALUES
(1, 'Libertador', 1),
(2, 'Anaco', 2),
(3, 'Aragua', 2),
(4, 'Bolivar', 2),
(5, 'Bruzual', 2),
(6, 'Cajigal', 2),
(7, 'Freites', 2),
(8, 'Independencia', 2),
(9, 'Libertad', 2),
(10, 'Miranda', 2),
(11, 'Monagas', 2),
(12, 'PeÑalver', 2),
(13, 'Simon Rodriguez', 2),
(14, 'Sotillo', 2),
(15, 'Guanipa', 2),
(16, 'Guanta', 2),
(17, 'Piritu', 2),
(18, 'M.l/diego Bautista U', 2),
(19, 'Carvajal', 2),
(20, 'Santa Ana', 2),
(21, 'Mc Gregor', 2),
(22, 'S Juan Capistrano', 2),
(23, 'Achaguas', 3),
(24, 'Muñoz', 3),
(25, 'Paez', 3),
(26, 'Pedro Camejo', 3),
(27, 'Romulo Gallegos', 3),
(28, 'San Fernando', 3),
(29, 'Biruaca', 3),
(30, 'Girardot', 4),
(31, 'Santiago MariÑo', 4),
(32, 'Jose Felix Rivas', 4),
(33, 'San Casimiro', 4),
(34, 'San Sebastian', 4),
(35, 'Sucre', 4),
(36, 'Urdaneta', 4),
(37, 'Zamora', 4),
(38, 'Libertador', 4),
(39, 'Jose Angel Lamas', 4),
(40, 'Bolivar', 4),
(41, 'Santos Michelena', 4),
(42, 'Mario B Iragorry', 4),
(43, 'Tovar', 4),
(44, 'Camatagua', 4),
(45, 'Jose R Revenga', 4),
(46, 'Francisco Linares A.', 4),
(47, 'M.ocumare D La Costa', 4),
(48, 'Arismendi', 5),
(49, 'Barinas', 5),
(50, 'Bolivar', 5),
(51, 'Ezequiel Zamora', 5),
(52, 'Obispos', 5),
(53, 'Pedraza', 5),
(54, 'Rojas', 5),
(55, 'Sosa', 5),
(56, 'Alberto Arvelo T', 5),
(57, 'A Jose De Sucre', 5),
(58, 'Cruz Paredes', 5),
(59, 'Andres E. Blanco', 5),
(60, 'Caroni', 6),
(61, 'CedeÑo', 6),
(62, 'Heres', 6),
(63, 'Piar', 6),
(64, 'Roscio', 6),
(65, 'Sucre', 6),
(66, 'Sifontes', 6),
(67, 'Raul Leoni', 6),
(68, 'Gran Sabana', 6),
(69, 'El Callao', 6),
(70, 'Padre Pedro Chien', 6),
(71, 'Bejuma', 7),
(72, 'Carlos Arvelo', 7),
(73, 'Diego Ibarra', 7),
(74, 'Guacara', 7),
(75, 'Montalban', 7),
(76, 'Juan Jose Mora', 7),
(77, 'Puerto Cabello', 7),
(78, 'San Joaquin', 7),
(79, 'Valencia', 7),
(80, 'Miranda', 7),
(81, 'Los Guayos', 7),
(82, 'Naguanagua', 7),
(83, 'San Diego', 7),
(84, 'Libertador', 7),
(85, 'Anzoategui', 8),
(86, 'Falcon', 8),
(87, 'Girardot', 8),
(88, 'Mp Pao Sn J Bautista', 8),
(89, 'Ricaurte', 8),
(90, 'San Carlos', 8),
(91, 'Tinaco', 8),
(92, 'Lima Blanco', 8),
(93, 'Romulo Gallegos', 8),
(94, 'Acosta', 9),
(95, 'Bolivar', 9),
(96, 'Buchivacoa', 9),
(97, 'Carirubana', 9),
(98, 'Colina', 9),
(99, 'Democracia', 9),
(100, 'Falcon', 9),
(101, 'Federacion', 9),
(102, 'Mauroa', 9),
(103, 'Miranda', 9),
(104, 'Petit', 9),
(105, 'Silva', 9),
(106, 'Zamora', 9),
(107, 'Dabajuro', 9),
(108, 'Mons. Iturriza', 9),
(109, 'Los Taques', 9),
(110, 'Piritu', 9),
(111, 'Union', 9),
(112, 'San Francisco', 9),
(113, 'Jacura', 9),
(114, 'Cacique Manaure', 9),
(115, 'Palma Sola', 9),
(116, 'Sucre', 9),
(117, 'Urumaco', 9),
(118, 'Tocopero', 9),
(119, 'Infante', 10),
(120, 'Mellado', 10),
(121, 'Miranda', 10),
(122, 'Monagas', 10),
(123, 'Ribas', 10),
(124, 'Roscio', 10),
(125, 'Zaraza', 10),
(126, 'Camaguan', 10),
(127, 'S Jose De Guaribe', 10),
(128, 'Las Mercedes', 10),
(129, 'El Socorro', 10),
(130, 'Ortiz', 10),
(131, 'S Maria De Ipire', 10),
(132, 'Chaguaramas', 10),
(133, 'San Geronimo De G', 10),
(134, 'Crespo', 11),
(135, 'Iribarren', 11),
(136, 'Jimenez', 11),
(137, 'Moran', 11),
(138, 'Palavecino', 11),
(139, 'Torres', 11),
(140, 'Urdaneta', 11),
(141, 'Andres E Blanco', 11),
(142, 'Simon Planas', 11),
(143, 'Alberto Adriani', 12),
(144, 'Andres Bello', 12),
(145, 'Arzobispo Chacon', 12),
(146, 'Campo Elias', 12),
(147, 'Guaraque', 12),
(148, 'Julio Cesar Salas', 12),
(149, 'Justo BriceÑo', 12),
(150, 'Libertador', 12),
(151, 'Santos Marquina', 12),
(152, 'Miranda', 12),
(153, 'Antonio Pinto S.', 12),
(154, 'Ob. Ramos De Lora', 12),
(155, 'Caracciolo Parra', 12),
(156, 'Cardenal Quintero', 12),
(157, 'Pueblo Llano', 12),
(158, 'Rangel', 12),
(159, 'Rivas Davila', 12),
(160, 'Sucre', 12),
(161, 'Tovar', 12),
(162, 'Tulio F Cordero', 12),
(163, 'Padre Noguera', 12),
(164, 'Aricagua', 12),
(165, 'Zea', 12),
(166, 'Acevedo', 13),
(167, 'Brion', 13),
(168, 'Guaicaipuro', 13),
(169, 'Independencia', 13),
(170, 'Lander', 13),
(171, 'Paez', 13),
(172, 'Paz Castillo', 13),
(173, 'Plaza', 13),
(174, 'Sucre', 13),
(175, 'Urdaneta', 13),
(176, 'Zamora', 13),
(177, 'Cristobal Rojas', 13),
(178, 'Los Salias', 13),
(179, 'Andres Bello', 13),
(180, 'Simon Bolivar', 13),
(181, 'Baruta', 13),
(182, 'Carrizal', 13),
(183, 'Chacao', 13),
(184, 'El Hatillo', 13),
(185, 'Buroz', 13),
(186, 'Pedro Gual', 13),
(187, 'Acosta', 14),
(188, 'Bolivar', 14),
(189, 'Caripe', 14),
(190, 'CedeÑo', 14),
(191, 'Ezequiel Zamora', 14),
(192, 'Libertador', 14),
(193, 'Maturin', 14),
(194, 'Piar', 14),
(195, 'Punceres', 14),
(196, 'Sotillo', 14),
(197, 'Aguasay', 14),
(198, 'Santa Barbara', 14),
(199, 'Uracoa', 14),
(200, 'Arismendi', 15),
(201, 'Diaz', 15),
(202, 'Gomez', 15),
(203, 'Maneiro', 15),
(204, 'Marcano', 15),
(205, 'Mariño', 15),
(206, 'Penin. De Macanao', 15),
(207, 'Villalba(i.coche)', 15),
(208, 'Tubores', 15),
(209, 'Antolin Del Campo', 15),
(210, 'Garcia', 15),
(211, 'Araure', 16),
(212, 'Esteller', 16),
(213, 'Guanare', 16),
(214, 'Guanarito', 16),
(215, 'Ospino', 16),
(216, 'Paez', 16),
(217, 'Sucre', 16),
(218, 'Turen', 16),
(219, 'M.jose V De Unda', 16),
(220, 'Agua Blanca', 16),
(221, 'Papelon', 16),
(222, 'Genaro Boconoito', 16),
(223, 'S Rafael De Onoto', 16),
(224, 'Santa Rosalia', 16),
(225, 'Arismendi', 17),
(226, 'Benitez', 17),
(227, 'Bermúdez', 17),
(228, 'Cajigal', 17),
(229, 'Mariño', 17),
(230, 'Mejia', 17),
(231, 'Montes', 17),
(232, 'Ribero', 17),
(233, 'Sucre', 17),
(234, 'Valdez', 17),
(235, 'Andres E Blanco', 17),
(236, 'Libertador', 17),
(237, 'Andres Mata', 17),
(238, 'Bolivar', 17),
(239, 'Cruz S Acosta', 17),
(240, 'Ayacucho', 18),
(241, 'Bolivar', 18),
(242, 'Independencia', 18),
(243, 'Cardenas', 18),
(244, 'Jauregui', 18),
(245, 'Junin', 18),
(246, 'Lobatera', 18),
(247, 'San Cristobal', 18),
(248, 'Uribante', 18),
(249, 'Cordoba', 18),
(250, 'Garcia De Hevia', 18),
(251, 'Guasimos', 18),
(252, 'Michelena', 18),
(253, 'Libertador', 18),
(254, 'Panamericano', 18),
(255, 'Pedro Maria UreÑa', 18),
(256, 'Sucre', 18),
(257, 'Andres Bello', 18),
(258, 'Fernandez Feo', 18),
(259, 'Libertad', 18),
(260, 'Samuel Maldonado', 18),
(261, 'Seboruco', 18),
(262, 'Antonio Romulo C', 18),
(263, 'Fco De Miranda', 18),
(264, 'Jose Maria Varga', 18),
(265, 'Rafael Urdaneta', 18),
(266, 'Simon Rodriguez', 18),
(267, 'Torbes', 18),
(268, 'San Judas Tadeo', 18),
(269, 'Rafael Rangel', 19),
(270, 'Bocono', 19),
(271, 'Carache', 19),
(272, 'Escuque', 19),
(273, 'Trujillo', 19),
(274, 'Urdaneta', 19),
(275, 'Valera', 19),
(276, 'Candelaria', 19),
(277, 'Miranda', 19),
(278, 'Monte Carmelo', 19),
(279, 'Motatan', 19),
(280, 'Pampan', 19),
(281, 'S Rafael Carvajal', 19),
(282, 'Sucre', 19),
(283, 'Andres Bello', 19),
(284, 'Bolivar', 19),
(285, 'Jose F M CaÑizal', 19),
(286, 'Juan V Campo Eli', 19),
(287, 'La Ceiba', 19),
(288, 'Pampanito', 19),
(289, 'Bolivar', 20),
(290, 'Bruzual', 20),
(291, 'Nirgua', 20),
(292, 'San Felipe', 20),
(293, 'Sucre', 20),
(294, 'Urachiche', 20),
(295, 'PeÑa', 20),
(296, 'Jose Antonio Paez', 20),
(297, 'La Trinidad', 20),
(298, 'Cocorote', 20),
(299, 'Independencia', 20),
(300, 'Aristides Bastid', 20),
(301, 'Manuel Monge', 20),
(302, 'Veroes', 20),
(303, 'Baralt', 21),
(304, 'Santa Rita', 21),
(305, 'Colon', 21),
(306, 'Mara', 21),
(307, 'Maracaibo', 21),
(308, 'Miranda', 21),
(309, 'Paez', 21),
(310, 'Machiques De P', 21),
(311, 'Sucre', 21),
(312, 'La CaÑada De U.', 21),
(313, 'Lagunillas', 21),
(314, 'Catatumbo', 21),
(315, 'M/rosario De Perija', 21),
(316, 'Cabimas', 21),
(317, 'Valmore Rodriguez', 21),
(318, 'Jesus E Lossada', 21),
(319, 'Almirante P', 21),
(320, 'San Francisco', 21),
(321, 'Jesus M Semprun', 21),
(322, 'Francisco J Pulg', 21),
(323, 'Simon Bolivar', 21),
(324, 'Atures', 22),
(325, 'Atabapo', 22),
(326, 'Maroa', 22),
(327, 'Rio Negro', 22),
(328, 'Autana', 22),
(329, 'Manapiare', 22),
(330, 'Alto Orinoco', 22),
(331, 'Tucupita', 23),
(332, 'Pedernales', 23),
(333, 'Antonio Diaz', 23),
(334, 'Casacoima', 23),
(335, 'Vargas', 24);

-- --------------------------------------------------------

--
-- Estructura de tabla para la tabla `parroquia`
--

CREATE TABLE IF NOT EXISTS `parroquia` (
  `id` int(4) NOT NULL AUTO_INCREMENT COMMENT 'Identificador de la parroquia',
  `nombre_parroquia` varchar(50) COLLATE utf8_spanish_ci NOT NULL COMMENT 'Nombre de la parroquia',
  `municipio_id` int(3) NOT NULL COMMENT 'Identificador del municipio al que pertenece la parroquia',
  PRIMARY KEY (`id`),
  KEY `fk_parroquia_municipio1` (`municipio_id`)
) ENGINE=InnoDB  DEFAULT CHARSET=utf8 COLLATE=utf8_spanish_ci COMMENT='Entidad que contiene informacion sobre parroquias. Desarrollado por Jose Rodriguez <josearodrigueze@gmail.com> @josearodrigueze' AUTO_INCREMENT=1135 ;

--
-- Volcado de datos para la tabla `parroquia`
--

INSERT INTO `parroquia` (`id`, `nombre_parroquia`, `municipio_id`) VALUES
(1, 'Altagracia', 1),
(2, 'Candelaria', 1),
(3, 'Catedral', 1),
(4, 'La Pastora', 1),
(5, 'San Agustin', 1),
(6, 'San Jose', 1),
(7, 'San Juan', 1),
(8, 'Santa Rosalia', 1),
(9, 'Santa Teresa', 1),
(10, 'Sucre', 1),
(11, '23 De Enero', 1),
(12, 'Antimano', 1),
(13, 'El Recreo', 1),
(14, 'El Valle', 1),
(15, 'La Vega', 1),
(16, 'Macarao', 1),
(17, 'Caricuao', 1),
(18, 'El Junquito', 1),
(19, 'Coche', 1),
(20, 'San Pedro', 1),
(21, 'San Bernardino', 1),
(22, 'El Paraiso', 1),
(23, 'Anaco', 2),
(24, 'San Joaquin', 2),
(25, 'Cm. Aragua De Barcelona', 3),
(26, 'Cachipo', 3),
(27, 'El Carmen', 4),
(28, 'San Cristobal', 4),
(29, 'Bergantin', 4),
(30, 'Caigua', 4),
(31, 'El Pilar', 4),
(32, 'Naricual', 4),
(33, 'Cm. Clarines', 5),
(34, 'Guanape', 5),
(35, 'Sabana De Uchire', 5),
(36, 'Cm. Onoto', 6),
(37, 'San Pablo', 6),
(38, 'Cm. Cantaura', 7),
(39, 'Libertador', 7),
(40, 'Santa Rosa', 7),
(41, 'Urica', 7),
(42, 'Cm. Soledad', 8),
(43, 'Mamo', 8),
(44, 'Cm. San Mateo', 9),
(45, 'El Carito', 9),
(46, 'Santa Ines', 9),
(47, 'Cm. Pariaguan', 10),
(48, 'Atapirire', 10),
(49, 'Boca Del Pao', 10),
(50, 'El Pao', 10),
(51, 'Cm. Mapire', 11),
(52, 'Piar', 11),
(53, 'Sn Diego De Cabrutica', 11),
(54, 'Santa Clara', 11),
(55, 'Uverito', 11),
(56, 'Zuata', 11),
(57, 'Cm. Puerto Piritu', 12),
(58, 'San Miguel', 12),
(59, 'Sucre', 12),
(60, 'Cm. El Tigre', 13),
(61, 'Pozuelos', 14),
(62, 'Cm Pto. La Cruz', 14),
(63, 'Cm. San Jose De Guanipa', 15),
(64, 'Guanta', 16),
(65, 'Chorreron', 16),
(66, 'Piritu', 17),
(67, 'San Francisco', 17),
(68, 'Lecherias', 18),
(69, 'El Morro', 18),
(70, 'Valle Guanape', 19),
(71, 'Santa Barbara', 19),
(72, 'Santa Ana', 20),
(73, 'Pueblo Nuevo', 20),
(74, 'El Chaparro', 21),
(75, 'Tomas Alfaro Calatrava', 21),
(76, 'Boca Uchire', 22),
(77, 'Boca De Chavez', 22),
(78, 'Achaguas', 23),
(79, 'Apurito', 23),
(80, 'El Yagual', 23),
(81, 'Guachara', 23),
(82, 'Mucuritas', 23),
(83, 'Queseras Del Medio', 23),
(84, 'Bruzual', 24),
(85, 'Mantecal', 24),
(86, 'Quintero', 24),
(87, 'San Vicente', 24),
(88, 'Rincon Hondo', 24),
(89, 'Guasdualito', 25),
(90, 'Aramendi', 25),
(91, 'El Amparo', 25),
(92, 'San Camilo', 25),
(93, 'Urdaneta', 25),
(94, 'San Juan De Payara', 26),
(95, 'Codazzi', 26),
(96, 'Cunaviche', 26),
(97, 'Elorza', 27),
(98, 'La Trinidad', 27),
(99, 'San Fernando', 28),
(100, 'PeÑalver', 28),
(101, 'El Recreo', 28),
(102, 'Sn Rafael De Atamaica', 28),
(103, 'Biruaca', 29),
(104, 'Cm. Las Delicias', 30),
(105, 'Choroni', 30),
(106, 'Madre Ma De San Jose', 30),
(107, 'Joaquin Crespo', 30),
(108, 'Pedro Jose Ovalles', 30),
(109, 'Jose Casanova Godoy', 30),
(110, 'Andres Eloy Blanco', 30),
(111, 'Los Tacariguas', 30),
(112, 'Cm. Turmero', 31),
(113, 'Saman De Guere', 31),
(114, 'Alfredo Pacheco M', 31),
(115, 'Chuao', 31),
(116, 'Arevalo Aponte', 31),
(117, 'Cm. La Victoria', 32),
(118, 'Zuata', 32),
(119, 'Pao De Zarate', 32),
(120, 'Castor Nieves Rios', 32),
(121, 'Las Guacamayas', 32),
(122, 'Cm. San Casimiro', 33),
(123, 'Valle Morin', 33),
(124, 'Guiripa', 33),
(125, 'Ollas De Caramacate', 33),
(126, 'Cm. San Sebastian', 34),
(127, 'Cm. Cagua', 35),
(128, 'Bella Vista', 35),
(129, 'Cm. Barbacoas', 36),
(130, 'San Francisco De Cara', 36),
(131, 'Taguay', 36),
(132, 'Las PeÑitas', 36),
(133, 'Cm. Villa De Cura', 37),
(134, 'Magdaleno', 37),
(135, 'San Francisco De Asis', 37),
(136, 'Valles De Tucutunemo', 37),
(137, 'Pq Augusto Mijares', 37),
(138, 'Cm. Palo Negro', 38),
(139, 'San Martin De Porres', 38),
(140, 'Cm. Santa Cruz', 39),
(141, 'Cm. San Mateo', 40),
(142, 'Cm. Las Tejerias', 41),
(143, 'Tiara', 41),
(144, 'Cm. El Limon', 42),
(145, 'Ca A De Azucar', 42),
(146, 'Cm. Colonia Tovar', 43),
(147, 'Cm. Camatagua', 44),
(148, 'Carmen De Cura', 44),
(149, 'Cm. El Consejo', 45),
(150, 'Cm. Santa Rita', 46),
(151, 'Francisco De Miranda', 46),
(152, 'Mons Feliciano G', 46),
(153, 'Ocumare De La Costa', 47),
(154, 'Arismendi', 48),
(155, 'Guadarrama', 48),
(156, 'La Union', 48),
(157, 'San Antonio', 48),
(158, 'Alfredo A Larriva', 49),
(159, 'Barinas', 49),
(160, 'San Silvestre', 49),
(161, 'Santa Ines', 49),
(162, 'Santa Lucia', 49),
(163, 'Torunos', 49),
(164, 'El Carmen', 49),
(165, 'Romulo Betancourt', 49),
(166, 'Corazon De Jesus', 49),
(167, 'Ramon I Mendez', 49),
(168, 'Alto Barinas', 49),
(169, 'Manuel P Fajardo', 49),
(170, 'Juan A Rodriguez D', 49),
(171, 'Dominga Ortiz P', 49),
(172, 'Altamira', 50),
(173, 'Barinitas', 50),
(174, 'Calderas', 50),
(175, 'Santa Barbara', 51),
(176, 'Jose Ignacio Del Pumar', 51),
(177, 'Ramon Ignacio Mendez', 51),
(178, 'Pedro BriceÑo Mendez', 51),
(179, 'El Real', 52),
(180, 'La Luz', 52),
(181, 'Obispos', 52),
(182, 'Los Guasimitos', 52),
(183, 'Ciudad Bolivia', 53),
(184, 'Ignacio BriceÑo', 53),
(185, 'Paez', 53),
(186, 'Jose Felix Ribas', 53),
(187, 'Dolores', 54),
(188, 'Libertad', 54),
(189, 'Palacio Fajardo', 54),
(190, 'Santa Rosa', 54),
(191, 'Ciudad De Nutrias', 55),
(192, 'El Regalo', 55),
(193, 'Puerto De Nutrias', 55),
(194, 'Santa Catalina', 55),
(195, 'Rodriguez Dominguez', 56),
(196, 'Sabaneta', 56),
(197, 'Ticoporo', 57),
(198, 'Nicolas Pulido', 57),
(199, 'Andres Bello', 57),
(200, 'Barrancas', 58),
(201, 'El Socorro', 58),
(202, 'Masparrito', 58),
(203, 'El Canton', 59),
(204, 'Santa Cruz De Guacas', 59),
(205, 'Puerto Vivas', 59),
(206, 'Simon Bolivar', 60),
(207, 'Once De Abril', 60),
(208, 'Vista Al Sol', 60),
(209, 'Chirica', 60),
(210, 'Dalla Costa', 60),
(211, 'Cachamay', 60),
(212, 'Universidad', 60),
(213, 'Unare', 60),
(214, 'Yocoima', 60),
(215, 'Pozo Verde', 60),
(216, 'Cm. Caicara Del Orinoco', 61),
(217, 'Ascension Farreras', 61),
(218, 'Altagracia', 61),
(219, 'La Urbana', 61),
(220, 'Guaniamo', 61),
(221, 'Pijiguaos', 61),
(222, 'Catedral', 62),
(223, 'Agua Salada', 62),
(224, 'La Sabanita', 62),
(225, 'Vista Hermosa', 62),
(226, 'Marhuanta', 62),
(227, 'Jose Antonio Paez', 62),
(228, 'Orinoco', 62),
(229, 'Panapana', 62),
(230, 'Zea', 62),
(231, 'Cm. Upata', 63),
(232, 'Andres Eloy Blanco', 63),
(233, 'Pedro Cova', 63),
(234, 'Cm. Guasipati', 64),
(235, 'Salom', 64),
(236, 'Cm. Maripa', 65),
(237, 'Aripao', 65),
(238, 'Las Majadas', 65),
(239, 'Moitaco', 65),
(240, 'Guarataro', 65),
(241, 'Cm. Tumeremo', 66),
(242, 'Dalla Costa', 66),
(243, 'San Isidro', 66),
(244, 'Cm. Ciudad Piar', 67),
(245, 'San Francisco', 67),
(246, 'Barceloneta', 67),
(247, 'Santa Barbara', 67),
(248, 'Cm. Santa Elena De Uairen', 68),
(249, 'Ikabaru', 68),
(250, 'Cm. El Callao', 69),
(251, 'Cm. El Palmar', 70),
(252, 'Bejuma', 71),
(253, 'Canoabo', 71),
(254, 'Simon Bolivar', 71),
(255, 'Guigue', 72),
(256, 'Belen', 72),
(257, 'Tacarigua', 72),
(258, 'Mariara', 73),
(259, 'Aguas Calientes', 73),
(260, 'Guacara', 74),
(261, 'Ciudad Alianza', 74),
(262, 'Yagua', 74),
(263, 'Montalban', 75),
(264, 'Moron', 76),
(265, 'Urama', 76),
(266, 'Democracia', 77),
(267, 'Fraternidad', 77),
(268, 'Goaigoaza', 77),
(269, 'Juan Jose Flores', 77),
(270, 'Bartolome Salom', 77),
(271, 'Union', 77),
(272, 'Borburata', 77),
(273, 'Patanemo', 77),
(274, 'San Joaquin', 78),
(275, 'Candelaria', 79),
(276, 'Catedral', 79),
(277, 'El Socorro', 79),
(278, 'Miguel PeÑa', 79),
(279, 'San Blas', 79),
(280, 'San Jose', 79),
(281, 'Santa Rosa', 79),
(282, 'Rafael Urdaneta', 79),
(283, 'Negro Primero', 79),
(284, 'Miranda', 80),
(285, 'U Los Guayos', 81),
(286, 'Naguanagua', 82),
(287, 'Urb San Diego', 83),
(288, 'U Tocuyito', 84),
(289, 'U Independencia', 84),
(290, 'Cojedes', 85),
(291, 'Juan De Mata Suarez', 85),
(292, 'Tinaquillo', 86),
(293, 'El Baul', 87),
(294, 'Sucre', 87),
(295, 'El Pao', 88),
(296, 'Libertad De Cojedes', 89),
(297, 'El Amparo', 89),
(298, 'San Carlos De Austria', 90),
(299, 'Juan Angel Bravo', 90),
(300, 'Manuel Manrique', 90),
(301, 'Grl/jefe Jose L Silva', 91),
(302, 'Macapo', 92),
(303, 'La Aguadita', 92),
(304, 'Romulo Gallegos', 93),
(305, 'San Juan De Los Cayos', 94),
(306, 'Capadare', 94),
(307, 'La Pastora', 94),
(308, 'Libertador', 94),
(309, 'San Luis', 95),
(310, 'Aracua', 95),
(311, 'La PeÑa', 95),
(312, 'Capatarida', 96),
(313, 'Borojo', 96),
(314, 'Seque', 96),
(315, 'Zazarida', 96),
(316, 'Bariro', 96),
(317, 'Guajiro', 96),
(318, 'Norte', 97),
(319, 'Carirubana', 97),
(320, 'Punta Cardon', 97),
(321, 'Santa Ana', 97),
(322, 'La Vela De Coro', 98),
(323, 'Acurigua', 98),
(324, 'Guaibacoa', 98),
(325, 'Macoruca', 98),
(326, 'Las Calderas', 98),
(327, 'Pedregal', 99),
(328, 'Agua Clara', 99),
(329, 'Avaria', 99),
(330, 'Piedra Grande', 99),
(331, 'Purureche', 99),
(332, 'Pueblo Nuevo', 100),
(333, 'Adicora', 100),
(334, 'Baraived', 100),
(335, 'Buena Vista', 100),
(336, 'Jadacaquiva', 100),
(337, 'Moruy', 100),
(338, 'El Vinculo', 100),
(339, 'El Hato', 100),
(340, 'Adaure', 100),
(341, 'Churuguara', 101),
(342, 'Agua Larga', 101),
(343, 'Independencia', 101),
(344, 'Maparari', 101),
(345, 'El Pauji', 101),
(346, 'Mene De Mauroa', 102),
(347, 'Casigua', 102),
(348, 'San Felix', 102),
(349, 'San Antonio', 103),
(350, 'San Gabriel', 103),
(351, 'Santa Ana', 103),
(352, 'Guzman Guillermo', 103),
(353, 'Mitare', 103),
(354, 'Sabaneta', 103),
(355, 'Rio Seco', 103),
(356, 'Cabure', 104),
(357, 'Curimagua', 104),
(358, 'Colina', 104),
(359, 'Tucacas', 105),
(360, 'Boca De Aroa', 105),
(361, 'Puerto Cumarebo', 106),
(362, 'La Cienaga', 106),
(363, 'La Soledad', 106),
(364, 'Pueblo Cumarebo', 106),
(365, 'Zazarida', 106),
(366, 'Cm. Dabajuro', 107),
(367, 'Chichiriviche', 108),
(368, 'Boca De Tocuyo', 108),
(369, 'Tocuyo De La Costa', 108),
(370, 'Los Taques', 109),
(371, 'Judibana', 109),
(372, 'Piritu', 110),
(373, 'San Jose De La Costa', 110),
(374, 'Sta.cruz De Bucaral', 111),
(375, 'El Charal', 111),
(376, 'Las Vegas Del Tuy', 111),
(377, 'Cm. Mirimire', 112),
(378, 'Jacura', 113),
(379, 'Agua Linda', 113),
(380, 'Araurima', 113),
(381, 'Cm. Yaracal', 114),
(382, 'Cm. Palma Sola', 115),
(383, 'Sucre', 116),
(384, 'Pecaya', 116),
(385, 'Urumaco', 117),
(386, 'Bruzual', 117),
(387, 'Cm. Tocopero', 118),
(388, 'Valle De La Pascua', 119),
(389, 'Espino', 119),
(390, 'El Sombrero', 120),
(391, 'Sosa', 120),
(392, 'Calabozo', 121),
(393, 'El Calvario', 121),
(394, 'El Rastro', 121),
(395, 'Guardatinajas', 121),
(396, 'Altagracia De Orituco', 122),
(397, 'Lezama', 122),
(398, 'Libertad De Orituco', 122),
(399, 'San Fco De Macaira', 122),
(400, 'San Rafael De Orituco', 122),
(401, 'Soublette', 122),
(402, 'Paso Real De Macaira', 122),
(403, 'Tucupido', 123),
(404, 'San Rafael De Laya', 123),
(405, 'San Juan De Los Morros', 124),
(406, 'Parapara', 124),
(407, 'Cantagallo', 124),
(408, 'Zaraza', 125),
(409, 'San Jose De Unare', 125),
(410, 'Camaguan', 126),
(411, 'Puerto Miranda', 126),
(412, 'Uverito', 126),
(413, 'San Jose De Guaribe', 127),
(414, 'Las Mercedes', 128),
(415, 'Sta Rita De Manapire', 128),
(416, 'Cabruta', 128),
(417, 'El Socorro', 129),
(418, 'Ortiz', 130),
(419, 'San Fco. De Tiznados', 130),
(420, 'San Jose De Tiznados', 130),
(421, 'S Lorenzo De Tiznados', 130),
(422, 'Santa Maria De Ipire', 131),
(423, 'Altamira', 131),
(424, 'Chaguaramas', 132),
(425, 'Guayabal', 133),
(426, 'Cazorla', 133),
(427, 'Freitez', 134),
(428, 'Jose Maria Blanco', 134),
(429, 'Catedral', 135),
(430, 'La Concepcion', 135),
(431, 'Santa Rosa', 135),
(432, 'Union', 135),
(433, 'El Cuji', 135),
(434, 'Tamaca', 135),
(435, 'Juan De Villegas', 135),
(436, 'Aguedo F. Alvarado', 135),
(437, 'Buena Vista', 135),
(438, 'Juarez', 135),
(439, 'Juan B Rodriguez', 136),
(440, 'Diego De Lozada', 136),
(441, 'San Miguel', 136),
(442, 'Cuara', 136),
(443, 'Paraiso De San Jose', 136),
(444, 'Tintorero', 136),
(445, 'Jose Bernardo Dorante', 136),
(446, 'Crnel. Mariano Peraza', 136),
(447, 'Bolivar', 137),
(448, 'Anzoategui', 137),
(449, 'Guarico', 137),
(450, 'Humocaro Alto', 137),
(451, 'Humocaro Bajo', 137),
(452, 'Moran', 137),
(453, 'Hilario Luna Y Luna', 137),
(454, 'La Candelaria', 137),
(455, 'Cabudare', 138),
(456, 'Jose G. Bastidas', 138),
(457, 'Agua Viva', 138),
(458, 'Trinidad Samuel', 139),
(459, 'Antonio Diaz', 139),
(460, 'Camacaro', 139),
(461, 'CastaÑeda', 139),
(462, 'Chiquinquira', 139),
(463, 'Espinoza Los Monteros', 139),
(464, 'Lara', 139),
(465, 'Manuel Morillo', 139),
(466, 'Montes De Oca', 139),
(467, 'Torres', 139),
(468, 'El Blanco', 139),
(469, 'Monta A Verde', 139),
(470, 'Heriberto Arroyo', 139),
(471, 'Las Mercedes', 139),
(472, 'Cecilio Zubillaga', 139),
(473, 'Reyes Vargas', 139),
(474, 'Altagracia', 139),
(475, 'Siquisique', 140),
(476, 'San Miguel', 140),
(477, 'Xaguas', 140),
(478, 'Moroturo', 140),
(479, 'Pio Tamayo', 141),
(480, 'Yacambu', 141),
(481, 'Qbda. Honda De Guache', 141),
(482, 'Sarare', 142),
(483, 'Gustavo Vegas Leon', 142),
(484, 'Buria', 142),
(485, 'Gabriel Picon G.', 143),
(486, 'Hector Amable Mora', 143),
(487, 'Jose Nucete Sardi', 143),
(488, 'Pulido Mendez', 143),
(489, 'Pte. Romulo Gallegos', 143),
(490, 'Presidente Betancourt', 143),
(491, 'Presidente Paez', 143),
(492, 'Cm. La Azulita', 144),
(493, 'Cm. Canagua', 145),
(494, 'Capuri', 145),
(495, 'Chacanta', 145),
(496, 'El Molino', 145),
(497, 'Guaimaral', 145),
(498, 'Mucutuy', 145),
(499, 'Mucuchachi', 145),
(500, 'Acequias', 146),
(501, 'Jaji', 146),
(502, 'La Mesa', 146),
(503, 'San Jose', 146),
(504, 'Montalban', 146),
(505, 'Matriz', 146),
(506, 'Fernandez PeÑa', 146),
(507, 'Cm. Guaraque', 147),
(508, 'Mesa De Quintero', 147),
(509, 'Rio Negro', 147),
(510, 'Cm. Arapuey', 148),
(511, 'Palmira', 148),
(512, 'Cm. Torondoy', 149),
(513, 'San Cristobal De T', 149),
(514, 'Arias', 150),
(515, 'Sagrario', 150),
(516, 'Milla', 150),
(517, 'El Llano', 150),
(518, 'Juan Rodriguez Suarez', 150),
(519, 'Jacinto Plaza', 150),
(520, 'Domingo PeÑa', 150),
(521, 'Gonzalo Picon Febres', 150),
(522, 'Osuna Rodriguez', 150),
(523, 'Lasso De La Vega', 150),
(524, 'Caracciolo Parra P', 150),
(525, 'Mariano Picon Salas', 150),
(526, 'Antonio Spinetti Dini', 150),
(527, 'El Morro', 150),
(528, 'Los Nevados', 150),
(529, 'Cm. Tabay', 151),
(530, 'Cm. Timotes', 152),
(531, 'Andres Eloy Blanco', 152),
(532, 'PiÑango', 152),
(533, 'La Venta', 152),
(534, 'Cm. Sta Cruz De Mora', 153),
(535, 'Mesa Bolivar', 153),
(536, 'Mesa De Las Palmas', 153),
(537, 'Cm. Sta Elena De Arenales', 154),
(538, 'Eloy Paredes', 154),
(539, 'Pq R De Alcazar', 154),
(540, 'Cm. Tucani', 155),
(541, 'Florencio Ramirez', 155),
(542, 'Cm. Santo Domingo', 156),
(543, 'Las Piedras', 156),
(544, 'Cm. Pueblo Llano', 157),
(545, 'Cm. Mucuchies', 158),
(546, 'Mucuruba', 158),
(547, 'San Rafael', 158),
(548, 'Cacute', 158),
(549, 'La Toma', 158),
(550, 'Cm. Bailadores', 159),
(551, 'Geronimo Maldonado', 159),
(552, 'Cm. Lagunillas', 160),
(553, 'Chiguara', 160),
(554, 'Estanques', 160),
(555, 'San Juan', 160),
(556, 'Pueblo Nuevo Del Sur', 160),
(557, 'La Trampa', 160),
(558, 'El Llano', 161),
(559, 'Tovar', 161),
(560, 'El Amparo', 161),
(561, 'San Francisco', 161),
(562, 'Cm. Nueva Bolivia', 162),
(563, 'Independencia', 162),
(564, 'Maria C Palacios', 162),
(565, 'Santa Apolonia', 162),
(566, 'Cm. Sta Maria De Caparo', 163),
(567, 'Cm. Aricagua', 164),
(568, 'San Antonio', 164),
(569, 'Cm. Zea', 165),
(570, 'CaÑo El Tigre', 165),
(571, 'Caucagua', 166),
(572, 'Araguita', 166),
(573, 'Arevalo Gonzalez', 166),
(574, 'Capaya', 166),
(575, 'Panaquire', 166),
(576, 'Ribas', 166),
(577, 'El Cafe', 166),
(578, 'Marizapa', 166),
(579, 'Higuerote', 167),
(580, 'Curiepe', 167),
(581, 'Tacarigua', 167),
(582, 'Los Teques', 168),
(583, 'Cecilio Acosta', 168),
(584, 'Paracotos', 168),
(585, 'San Pedro', 168),
(586, 'Tacata', 168),
(587, 'El Jarillo', 168),
(588, 'Altagracia De La M', 168),
(589, 'Sta Teresa Del Tuy', 169),
(590, 'El Cartanal', 169),
(591, 'Ocumare Del Tuy', 170),
(592, 'La Democracia', 170),
(593, 'Santa Barbara', 170),
(594, 'Rio Chico', 171),
(595, 'El Guapo', 171),
(596, 'Tacarigua De La Laguna', 171),
(597, 'Paparo', 171),
(598, 'Sn Fernando Del Guapo', 171),
(599, 'Santa Lucia', 172),
(600, 'Guarenas', 173),
(601, 'Petare', 174),
(602, 'Leoncio Martinez', 174),
(603, 'Caucaguita', 174),
(604, 'Filas De Mariches', 174),
(605, 'La Dolorita', 174),
(606, 'Cua', 175),
(607, 'Nueva Cua', 175),
(608, 'Guatire', 176),
(609, 'Bolivar', 176),
(610, 'Charallave', 177),
(611, 'Las Brisas', 177),
(612, 'San Antonio Los Altos', 178),
(613, 'San Jose De Barlovento', 179),
(614, 'Cumbo', 179),
(615, 'San Fco De Yare', 180),
(616, 'S Antonio De Yare', 180),
(617, 'Baruta', 181),
(618, 'El Cafetal', 181),
(619, 'Las Minas De Baruta', 181),
(620, 'Carrizal', 182),
(621, 'Chacao', 183),
(622, 'El Hatillo', 184),
(623, 'Mamporal', 185),
(624, 'Cupira', 186),
(625, 'Machurucuto', 186),
(626, 'Cm. San Antonio', 187),
(627, 'San Francisco', 187),
(628, 'Cm. Caripito', 188),
(629, 'Cm. Caripe', 189),
(630, 'Teresen', 189),
(631, 'El Guacharo', 189),
(632, 'San Agustin', 189),
(633, 'La Guanota', 189),
(634, 'Sabana De Piedra', 189),
(635, 'Cm. Caicara', 190),
(636, 'Areo', 190),
(637, 'San Felix', 190),
(638, 'Viento Fresco', 190),
(639, 'Cm. Punta De Mata', 191),
(640, 'El Tejero', 191),
(641, 'Cm. Temblador', 192),
(642, 'Tabasca', 192),
(643, 'Las Alhuacas', 192),
(644, 'Chaguaramas', 192),
(645, 'El Furrial', 193),
(646, 'Jusepin', 193),
(647, 'El Corozo', 193),
(648, 'San Vicente', 193),
(649, 'La Pica', 193),
(650, 'Alto De Los Godos', 193),
(651, 'Boqueron', 193),
(652, 'Las Cocuizas', 193),
(653, 'Santa Cruz', 193),
(654, 'San Simon', 193),
(655, 'Cm. Aragua', 194),
(656, 'Chaguaramal', 194),
(657, 'Guanaguana', 194),
(658, 'Aparicio', 194),
(659, 'Taguaya', 194),
(660, 'El Pinto', 194),
(661, 'La Toscana', 194),
(662, 'Cm. Quiriquire', 195),
(663, 'Cachipo', 195),
(664, 'Cm. Barrancas', 196),
(665, 'Los Barrancos De Fajardo', 196),
(666, 'Cm. Aguasay', 197),
(667, 'Cm. Santa Barbara', 198),
(668, 'Cm. Uracoa', 199),
(669, 'Cm. La Asuncion', 200),
(670, 'Cm. San Juan Bautista', 201),
(671, 'Zabala', 201),
(672, 'Cm. Santa Ana', 202),
(673, 'Guevara', 202),
(674, 'Matasiete', 202),
(675, 'Bolivar', 202),
(676, 'Sucre', 202),
(677, 'Cm. Pampatar', 203),
(678, 'Aguirre', 203),
(679, 'Cm. Juan Griego', 204),
(680, 'Adrian', 204),
(681, 'Cm. Porlamar', 205),
(682, 'Cm. Boca Del Rio', 206),
(683, 'San Francisco', 206),
(684, 'Cm. San Pedro De Coche', 207),
(685, 'Vicente Fuentes', 207),
(686, 'Cm. Punta De Piedras', 208),
(687, 'Los Barales', 208),
(688, 'Cm.la Plaza De Paraguachi', 209),
(689, 'Cm. Valle Esp Santo', 210),
(690, 'Francisco Fajardo', 210),
(691, 'Cm. Araure', 211),
(692, 'Rio Acarigua', 211),
(693, 'Cm. Piritu', 212),
(694, 'Uveral', 212),
(695, 'Cm. Guanare', 213),
(696, 'Cordoba', 213),
(697, 'San Juan Guanaguanare', 213),
(698, 'Virgen De La Coromoto', 213),
(699, 'San Jose De La MontaÑa', 213),
(700, 'Cm. Guanarito', 214),
(701, 'Trinidad De La Capilla', 214),
(702, 'Divina Pastora', 214),
(703, 'Cm. Ospino', 215),
(704, 'Aparicion', 215),
(705, 'La Estacion', 215),
(706, 'Cm. Acarigua', 216),
(707, 'Payara', 216),
(708, 'Pimpinela', 216),
(709, 'Ramon Peraza', 216),
(710, 'Cm. Biscucuy', 217),
(711, 'Concepcion', 217),
(712, 'San Rafael Palo Alzado', 217),
(713, 'Uvencio A Velasquez', 217),
(714, 'San Jose De Saguaz', 217),
(715, 'Villa Rosa', 217),
(716, 'Cm. Villa Bruzual', 218),
(717, 'Canelones', 218),
(718, 'Santa Cruz', 218),
(719, 'San Isidro Labrador', 218),
(720, 'Cm. Chabasquen', 219),
(721, 'PeÑa Blanca', 219),
(722, 'Cm. Agua Blanca', 220),
(723, 'Cm. Papelon', 221),
(724, 'CaÑo Delgadito', 221),
(725, 'Cm. Boconoito', 222),
(726, 'Antolin Tovar Aquino', 222),
(727, 'Cm. San Rafael De Onoto', 223),
(728, 'Santa Fe', 223),
(729, 'Thermo Morles', 223),
(730, 'Cm. El Playon', 224),
(731, 'Florida', 224),
(732, 'Rio Caribe', 225),
(733, 'San Juan Galdonas', 225),
(734, 'Puerto Santo', 225),
(735, 'El Morro De Pto Santo', 225),
(736, 'Antonio Jose De Sucre', 225),
(737, 'El Pilar', 226),
(738, 'El Rincon', 226),
(739, 'Guaraunos', 226),
(740, 'Tunapuicito', 226),
(741, 'Union', 226),
(742, 'Gral Fco. A Vasquez', 226),
(743, 'Santa Catalina', 227),
(744, 'Santa Rosa', 227),
(745, 'Santa Teresa', 227),
(746, 'Bolivar', 227),
(747, 'Macarapana', 227),
(748, 'Yaguaraparo', 228),
(749, 'Libertad', 228),
(750, 'Paujil', 228),
(751, 'Irapa', 229),
(752, 'Campo Claro', 229),
(753, 'Soro', 229),
(754, 'San Antonio De Irapa', 229),
(755, 'Marabal', 229),
(756, 'Cm. San Ant Del Golfo', 230),
(757, 'Cumanacoa', 231),
(758, 'Arenas', 231),
(759, 'Aricagua', 231),
(760, 'Cocollar', 231),
(761, 'San Fernando', 231),
(762, 'San Lorenzo', 231),
(763, 'Cariaco', 232),
(764, 'Catuaro', 232),
(765, 'Rendon', 232),
(766, 'Santa Cruz', 232),
(767, 'Santa Maria', 232),
(768, 'Altagracia', 233),
(769, 'Ayacucho', 233),
(770, 'Santa Ines', 233),
(771, 'Valentin Valiente', 233),
(772, 'San Juan', 233),
(773, 'Gran Mariscal', 233),
(774, 'Raul Leoni', 233),
(775, 'Guiria', 234),
(776, 'Cristobal Colon', 234),
(777, 'Punta De Piedra', 234),
(778, 'Bideau', 234),
(779, 'MariÑo', 235),
(780, 'Romulo Gallegos', 235),
(781, 'Tunapuy', 236),
(782, 'Campo Elias', 236),
(783, 'San Jose De Areocuar', 237),
(784, 'Tavera Acosta', 237),
(785, 'Cm. Mariguitar', 238),
(786, 'Araya', 239),
(787, 'Manicuare', 239),
(788, 'Chacopata', 239),
(789, 'Cm. Colon', 240),
(790, 'Rivas Berti', 240),
(791, 'San Pedro Del Rio', 240),
(792, 'Cm. San Ant Del Tachira', 241),
(793, 'Palotal', 241),
(794, 'Juan Vicente Gomez', 241),
(795, 'Isaias Medina Angarit', 241),
(796, 'Cm. Capacho Nuevo', 242),
(797, 'Juan German Roscio', 242),
(798, 'Roman Cardenas', 242),
(799, 'Cm. Tariba', 243),
(800, 'La Florida', 243),
(801, 'Amenodoro Rangel Lamu', 243),
(802, 'Cm. La Grita', 244),
(803, 'Emilio C. Guerrero', 244),
(804, 'Mons. Miguel A Salas', 244),
(805, 'Cm. Rubio', 245),
(806, 'Bramon', 245),
(807, 'La Petrolea', 245),
(808, 'Quinimari', 245),
(809, 'Cm. Lobatera', 246),
(810, 'Constitucion', 246),
(811, 'La Concordia', 247),
(812, 'Pedro Maria Morantes', 247),
(813, 'Sn Juan Bautista', 247),
(814, 'San Sebastian', 247),
(815, 'Dr. Fco. Romero Lobo', 247),
(816, 'Cm. Pregonero', 248),
(817, 'Cardenas', 248),
(818, 'Potosi', 248),
(819, 'Juan Pablo PeÑaloza', 248),
(820, 'Cm. Sta. Ana  Del Tachira', 249),
(821, 'Cm. La Fria', 250),
(822, 'Boca De Grita', 250),
(823, 'Jose Antonio Paez', 250),
(824, 'Cm. Palmira', 251),
(825, 'Cm. Michelena', 252),
(826, 'Cm. Abejales', 253),
(827, 'San Joaquin De Navay', 253),
(828, 'Doradas', 253),
(829, 'Emeterio Ochoa', 253),
(830, 'Cm. Coloncito', 254),
(831, 'La Palmita', 254),
(832, 'Cm. UreÑa', 255),
(833, 'Nueva Arcadia', 255),
(834, 'Cm. Queniquea', 256),
(835, 'San Pablo', 256),
(836, 'Eleazar Lopez Contrera', 256),
(837, 'Cm. Cordero', 257),
(838, 'Cm.san Rafael Del Pinal', 258),
(839, 'Santo Domingo', 258),
(840, 'Alberto Adriani', 258),
(841, 'Cm. Capacho Viejo', 259),
(842, 'Cipriano Castro', 259),
(843, 'Manuel Felipe Rugeles', 259),
(844, 'Cm. La Tendida', 260),
(845, 'Bocono', 260),
(846, 'Hernandez', 260),
(847, 'Cm. Seboruco', 261),
(848, 'Cm. Las Mesas', 262),
(849, 'Cm. San Jose De Bolivar', 263),
(850, 'Cm. El Cobre', 264),
(851, 'Cm. Delicias', 265),
(852, 'Cm. San Simon', 266),
(853, 'Cm. San Josecito', 267),
(854, 'Cm. Umuquena', 268),
(855, 'Betijoque', 269),
(856, 'Jose G Hernandez', 269),
(857, 'La Pueblita', 269),
(858, 'El Cedro', 269),
(859, 'Bocono', 270),
(860, 'El Carmen', 270),
(861, 'Mosquey', 270),
(862, 'Ayacucho', 270),
(863, 'Burbusay', 270),
(864, 'General Rivas', 270),
(865, 'MonseÑor Jauregui', 270),
(866, 'Rafael Rangel', 270),
(867, 'San Jose', 270),
(868, 'San Miguel', 270),
(869, 'Guaramacal', 270),
(870, 'La Vega De Guaramacal', 270),
(871, 'Carache', 271),
(872, 'La Concepcion', 271),
(873, 'Cuicas', 271),
(874, 'Panamericana', 271),
(875, 'Santa Cruz', 271),
(876, 'Escuque', 272),
(877, 'Sabana Libre', 272),
(878, 'La Union', 272),
(879, 'Santa Rita', 272),
(880, 'Cristobal Mendoza', 273),
(881, 'Chiquinquira', 273),
(882, 'Matriz', 273),
(883, 'MonseÑor Carrillo', 273),
(884, 'Cruz Carrillo', 273),
(885, 'Andres Linares', 273),
(886, 'Tres Esquinas', 273),
(887, 'La Quebrada', 274),
(888, 'Jajo', 274),
(889, 'La Mesa', 274),
(890, 'Santiago', 274),
(891, 'Cabimbu', 274),
(892, 'TuÑame', 274),
(893, 'Mercedes Diaz', 275),
(894, 'Juan Ignacio Montilla', 275),
(895, 'La Beatriz', 275),
(896, 'Mendoza', 275),
(897, 'La Puerta', 275),
(898, 'San Luis', 275),
(899, 'Chejende', 276),
(900, 'Carrillo', 276),
(901, 'Cegarra', 276),
(902, 'Bolivia', 276),
(903, 'Manuel Salvador Ulloa', 276),
(904, 'San Jose', 276),
(905, 'Arnoldo Gabaldon', 276),
(906, 'El Dividive', 277),
(907, 'Agua Caliente', 277),
(908, 'El Cenizo', 277),
(909, 'Agua Santa', 277),
(910, 'Valerita', 277),
(911, 'Monte Carmelo', 278),
(912, 'Buena Vista', 278),
(913, 'Sta Maria Del Horcon', 278),
(914, 'Motatan', 279),
(915, 'El BaÑo', 279),
(916, 'Jalisco', 279),
(917, 'Pampan', 280),
(918, 'Santa Ana', 280),
(919, 'La Paz', 280),
(920, 'Flor De Patria', 280),
(921, 'Carvajal', 281),
(922, 'Antonio N BriceÑo', 281),
(923, 'Campo Alegre', 281),
(924, 'Jose Leonardo Suarez', 281),
(925, 'Sabana De Mendoza', 282),
(926, 'Junin', 282),
(927, 'Valmore Rodriguez', 282),
(928, 'El Paraiso', 282),
(929, 'Santa Isabel', 283),
(930, 'Araguaney', 283),
(931, 'El Jaguito', 283),
(932, 'La Esperanza', 283),
(933, 'Sabana Grande', 284),
(934, 'Cheregue', 284),
(935, 'Granados', 284),
(936, 'El Socorro', 285),
(937, 'Los Caprichos', 285),
(938, 'Antonio Jose De Sucre', 285),
(939, 'Campo Elias', 286),
(940, 'Arnoldo Gabaldon', 286),
(941, 'Santa Apolonia', 287),
(942, 'La Ceiba', 287),
(943, 'El Progreso', 287),
(944, 'Tres De Febrero', 287),
(945, 'Pampanito', 288),
(946, 'Pampanito Ii', 288),
(947, 'La Concepcion', 288),
(948, 'Cm. Aroa', 289),
(949, 'Cm. Chivacoa', 290),
(950, 'Campo Elias', 290),
(951, 'Cm. Nirgua', 291),
(952, 'Salom', 291),
(953, 'Temerla', 291),
(954, 'Cm. San Felipe', 292),
(955, 'Albarico', 292),
(956, 'San Javier', 292),
(957, 'Cm. Guama', 293),
(958, 'Cm. Urachiche', 294),
(959, 'Cm. Yaritagua', 295),
(960, 'San Andres', 295),
(961, 'Cm. Sabana De Parra', 296),
(962, 'Cm. Boraure', 297),
(963, 'Cm. Cocorote', 298),
(964, 'Cm. Independencia', 299),
(965, 'Cm. San Pablo', 300),
(966, 'Cm. Yumare', 301),
(967, 'Cm. Farriar', 302),
(968, 'El Guayabo', 302),
(969, 'General Urdaneta', 303),
(970, 'Libertador', 303),
(971, 'Manuel Guanipa Matos', 303),
(972, 'Marcelino BriceÑo', 303),
(973, 'San Timoteo', 303),
(974, 'Pueblo Nuevo', 303),
(975, 'Pedro Lucas Urribarri', 304),
(976, 'Santa Rita', 304),
(977, 'Jose Cenovio Urribarr', 304),
(978, 'El Mene', 304),
(979, 'Santa Cruz Del Zulia', 305),
(980, 'Urribarri', 305),
(981, 'Moralito', 305),
(982, 'San Carlos Del Zulia', 305),
(983, 'Santa Barbara', 305),
(984, 'Luis De Vicente', 306),
(985, 'Ricaurte', 306),
(986, 'Mons.marcos Sergio G', 306),
(987, 'San Rafael', 306),
(988, 'Las Parcelas', 306),
(989, 'Tamare', 306),
(990, 'La Sierrita', 306),
(991, 'Bolivar', 307),
(992, 'Coquivacoa', 307),
(993, 'Cristo De Aranza', 307),
(994, 'Chiquinquira', 307),
(995, 'Santa Lucia', 307),
(996, 'Olegario Villalobos', 307),
(997, 'Juana De Avila', 307),
(998, 'Caracciolo Parra Perez', 307),
(999, 'Idelfonzo Vasquez', 307),
(1000, 'Cacique Mara', 307),
(1001, 'Cecilio Acosta', 307),
(1002, 'Raul Leoni', 307),
(1003, 'Francisco Eugenio B', 307),
(1004, 'Manuel Dagnino', 307),
(1005, 'Luis Hurtado Higuera', 307),
(1006, 'Venancio Pulgar', 307),
(1007, 'Antonio Borjas Romero', 307),
(1008, 'San Isidro', 307),
(1009, 'Faria', 308),
(1010, 'San Antonio', 308),
(1011, 'Ana Maria Campos', 308),
(1012, 'San Jose', 308),
(1013, 'Altagracia', 308),
(1014, 'Goajira', 309),
(1015, 'Elias Sanchez Rubio', 309),
(1016, 'Sinamaica', 309),
(1017, 'Alta Guajira', 309),
(1018, 'San Jose De Perija', 310),
(1019, 'Bartolome De Las Casas', 310),
(1020, 'Libertad', 310),
(1021, 'Rio Negro', 310),
(1022, 'Gibraltar', 311),
(1023, 'Heras', 311),
(1024, 'M.arturo Celestino A', 311),
(1025, 'Romulo Gallegos', 311),
(1026, 'Bobures', 311),
(1027, 'El Batey', 311),
(1028, 'Andres Bello (km 48)', 312),
(1029, 'Potreritos', 312),
(1030, 'El Carmelo', 312),
(1031, 'Chiquinquira', 312),
(1032, 'Concepcion', 312),
(1033, 'Eleazar Lopez C', 313),
(1034, 'Alonso De Ojeda', 313),
(1035, 'Venezuela', 313),
(1036, 'Campo Lara', 313),
(1037, 'Libertad', 313),
(1038, 'Udon Perez', 314),
(1039, 'Encontrados', 314),
(1040, 'Donaldo Garcia', 315),
(1041, 'Sixto Zambrano', 315),
(1042, 'El Rosario', 315),
(1043, 'Ambrosio', 316),
(1044, 'German Rios Linares', 316),
(1045, 'Jorge Hernandez', 316),
(1046, 'La Rosa', 316),
(1047, 'Punta Gorda', 316),
(1048, 'Carmen Herrera', 316),
(1049, 'San Benito', 316),
(1050, 'Romulo Betancourt', 316),
(1051, 'Aristides Calvani', 316),
(1052, 'Raul Cuenca', 317),
(1053, 'La Victoria', 317),
(1054, 'Rafael Urdaneta', 317),
(1055, 'Jose Ramon Yepez', 318),
(1056, 'La Concepcion', 318),
(1057, 'San Jose', 318),
(1058, 'Mariano Parra Leon', 318),
(1059, 'Monagas', 319),
(1060, 'Isla De Toas', 319),
(1061, 'Marcial Hernandez', 320),
(1062, 'Francisco Ochoa', 320),
(1063, 'San Francisco', 320),
(1064, 'El Bajo', 320),
(1065, 'Domitila Flores', 320),
(1066, 'Los Cortijos', 320),
(1067, 'Bari', 321),
(1068, 'Jesus M Semprun', 321),
(1069, 'Simon Rodriguez', 322),
(1070, 'Carlos Quevedo', 322),
(1071, 'Francisco J Pulgar', 322),
(1072, 'Rafael Maria Baralt', 323),
(1073, 'Manuel Manrique', 323),
(1074, 'Rafael Urdaneta', 323),
(1075, 'Fernando Giron Tovar', 324),
(1076, 'Luis Alberto Gomez', 324),
(1077, 'ParhueÑa', 324),
(1078, 'Platanillal', 324),
(1079, 'Cm. San Fernando De Ataba', 325),
(1080, 'Ucata', 325),
(1081, 'Yapacana', 325),
(1082, 'Caname', 325),
(1083, 'Cm. Maroa', 326),
(1084, 'Victorino', 326),
(1085, 'Comunidad', 326),
(1086, 'Cm. San Carlos De Rio Neg', 327),
(1087, 'Solano', 327),
(1088, 'Cocuy', 327),
(1089, 'Cm. Isla De Raton', 328),
(1090, 'Samariapo', 328),
(1091, 'Sipapo', 328),
(1092, 'Munduapo', 328),
(1093, 'Guayapo', 328),
(1094, 'Cm. San Juan De Manapiare', 329),
(1095, 'Alto Ventuari', 329),
(1096, 'Medio Ventuari', 329),
(1097, 'Bajo Ventuari', 329),
(1098, 'Cm. La Esmeralda', 330),
(1099, 'Huachamacare', 330),
(1100, 'Marawaka', 330),
(1101, 'Mavaca', 330),
(1102, 'Sierra Parima', 330),
(1103, 'San Jose', 331),
(1104, 'Virgen Del Valle', 331),
(1105, 'San Rafael', 331),
(1106, 'Jose Vidal Marcano', 331),
(1107, 'Leonardo Ruiz Pineda', 331),
(1108, 'Mons. Argimiro Garcia', 331),
(1109, 'Mcl.antonio J De Sucre', 331),
(1110, 'Juan Millan', 331),
(1111, 'Pedernales', 332),
(1112, 'Luis B Prieto Figuero', 332),
(1113, 'Curiapo', 333),
(1114, 'Santos De Abelgas', 333),
(1115, 'Manuel Renaud', 333),
(1116, 'Padre Barral', 333),
(1117, 'Aniceto Lugo', 333),
(1118, 'Almirante Luis Brion', 333),
(1119, 'Imataca', 334),
(1120, 'Romulo Gallegos', 334),
(1121, 'Juan Bautista Arismen', 334),
(1122, 'Manuel Piar', 334),
(1123, '5 De Julio', 334),
(1124, 'Caraballeda', 335),
(1125, 'Carayaca', 335),
(1126, 'Caruao', 335),
(1127, 'Catia La Mar', 335),
(1128, 'La Guaira', 335),
(1129, 'Macuto', 335),
(1130, 'Maiquetia', 335),
(1131, 'Naiguata', 335),
(1132, 'El Junko', 335),
(1133, 'Pq Raul Leoni', 335),
(1134, 'Pq Carlos Soublette', 335);

-- --------------------------------------------------------

--
-- Estructura de tabla para la tabla `persona`
--

CREATE TABLE IF NOT EXISTS `persona` (
  `id` int(3) NOT NULL AUTO_INCREMENT COMMENT 'Campo calve intenrto de la familia',
  `tipo_dni` varchar(1) COLLATE utf8_spanish_ci NOT NULL COMMENT 'tipo de documentación, Extranjera o Natural',
  `dni` int(8) DEFAULT NULL COMMENT 'Documento de Identidad de la persona',
  `id_rep` int(3) NOT NULL COMMENT 'Número de documento de identidad de rel representante de la familia',
  `nombre` varchar(50) COLLATE utf8_spanish_ci NOT NULL COMMENT 'Nombre de la persona',
  `apellido` varchar(50) COLLATE utf8_spanish_ci NOT NULL COMMENT 'Apellido de la persona',
  `fecha_nac` date NOT NULL COMMENT 'fecha de nacimiento de la persona',
  `estado_civil` varchar(15) COLLATE utf8_spanish_ci NOT NULL,
  `situacion_conyugal` varchar(15) COLLATE utf8_spanish_ci NOT NULL,
  `sexo` varchar(1) COLLATE utf8_spanish_ci NOT NULL COMMENT 'tipo de sexo de la persona',
  `parentesco` varchar(20) COLLATE utf8_spanish_ci NOT NULL COMMENT 'Parentesco que posee la persona con el representante o jefe familiar',
  `nivel_instruccion` varchar(20) COLLATE utf8_spanish_ci NOT NULL COMMENT 'nivel de instrucción de la persona',
  `anio_residencia` int(4) NOT NULL COMMENT 'La fecha de la persona desde que reside en la comunidad',
  `telefono` varchar(12) COLLATE utf8_spanish_ci NOT NULL COMMENT 'teléfono de contacto de la persona',
  `email` varchar(50) COLLATE utf8_spanish_ci NOT NULL COMMENT 'correo electrónico de la persona (si posee)',
  `empleo` varchar(30) COLLATE utf8_spanish_ci NOT NULL,
  `profesion` varchar(30) COLLATE utf8_spanish_ci NOT NULL COMMENT 'Profesión u ocupación de la persona',
  `habilidad_trabajo` varchar(40) COLLATE utf8_spanish_ci NOT NULL COMMENT 'Habilidad o habilidades de trabajo que tiene la persona',
  `enfermedad` varchar(50) COLLATE utf8_spanish_ci NOT NULL COMMENT 'enfermedad que posee la persona (si la tiene)',
  `discapacidad` varchar(50) COLLATE utf8_spanish_ci NOT NULL COMMENT 'Discapacidad o discapacidades que posee la persona',
  `fallecido` int(1) NOT NULL DEFAULT '0' COMMENT 'PAra verificar que el familiar esté vivo o fallacido',
  `mudado` int(1) NOT NULL DEFAULT '0' COMMENT 'Campos utilizados ara identificar si la persona pertenece a la comunidad',
  PRIMARY KEY (`id`),
  UNIQUE KEY `dni` (`dni`),
  KEY `dni_rep` (`id_rep`)
) ENGINE=InnoDB  DEFAULT CHARSET=utf8 COLLATE=utf8_spanish_ci COMMENT='Se guardan los datos del defe del grupo familiar' AUTO_INCREMENT=27 ;

--
-- Volcado de datos para la tabla `persona`
--

INSERT INTO `persona` (`id`, `tipo_dni`, `dni`, `id_rep`, `nombre`, `apellido`, `fecha_nac`, `estado_civil`, `situacion_conyugal`, `sexo`, `parentesco`, `nivel_instruccion`, `anio_residencia`, `telefono`, `email`, `empleo`, `profesion`, `habilidad_trabajo`, `enfermedad`, `discapacidad`, `fallecido`, `mudado`) VALUES
(1, 'V', 10881600, 1, 'Aleida ', 'Venales', '1967-12-21', 'Soltero', 'Separado', 'F', 'Representante', 'Básica', 1990, '0294-3318514', 'aleidaveneles@gmail.com', 'Vendedora', 'Ama De Casa', '', 'Ninguna', '', 0, 0),
(2, 'V', 25835631, 1, 'Francisco', 'Alcantara', '1997-04-15', '', '', 'M', 'Hij', 'Bachiller', 1997, '', 'francisco_alcantara15@hotmail.com', '', '', '', '', '', 0, 0),
(3, 'V', 11442751, 2, 'Mary Josefina', 'Castillo Rodríguez', '1972-03-06', 'Divorciado', 'Unido', 'F', 'Representante', 'Bachiller', 2003, '0294-3318514', 'mary.ce2010@hotmail.com', 'Peluquera', 'Ama De Casa', '', '', '', 0, 0),
(4, 'V', 5875961, 3, 'Luis', 'Gonzalez', '1960-12-26', 'Casado', 'Unido', 'M', 'Espos', 'Básica', 2010, '0294-3324257', '', 'Obrero', '', '', 'No', '', 0, 0),
(5, 'V', 10877022, 3, 'Yudetzi', 'Medina', '1972-11-06', '', '', 'F', 'Representante', 'Universitario', 1972, '', '', '', 'Enfermera', 'Enfermeria', 'No', 'No', 0, 0),
(6, 'V', 22924532, 3, 'Rogelio', 'Medina', '1992-10-18', '', '', 'M', 'Hij', 'Bachiller', 1992, '', '', '', 'Estudiante', 'Mentir', 'No', 'No', 0, 0),
(7, 'V', 26646905, 3, 'Jesus', 'Medina', '1995-05-17', '', '', 'M', 'Hij', 'Básica', 1995, '', '', '', 'Estudiante', 'Doctorado en soldaduras', 'No', 'No', 0, 0),
(8, 'V', 3807715, 4, 'Agustín Ramón', 'Bastardo', '1952-08-28', 'Casado', 'Unido', 'M', 'Representante', 'Bachiller', 1992, '0294-3328482', 'agustinrbastardo@hotmail.com', 'Comerciante', 'Comerciante', '', '', 'a', 0, 0),
(9, 'V', 6827358, 4, 'Carmen', 'Méndez De Bastardo', '1962-01-02', 'Soltero', 'Separado', 'F', 'Espos', 'Universitario', 1992, '', '', '', 'Ama De Casa', 'Cocina', '', '', 0, 0),
(10, 'V', 24841294, 2, 'Daniel José', 'Salazar Castillo', '1995-04-11', 'Soltero', '', 'M', 'Hij', 'Bachiller', 2004, '', '', '', 'Estudiante', '', '', '', 0, 0),
(11, 'V', 24841293, 2, 'Moisés Cristhian', 'Salazar Castillo', '1996-04-28', '', '', 'M', 'Hij', 'Bachiller', 2003, '', '', '', 'Estudiante', '', '', '', 0, 0),
(12, 'V', 24841291, 2, 'Cristhian Moisés', 'Salazar Castillo', '1996-04-28', '', '', 'M', 'Hij', 'Bachiller', 2003, '', '', '', 'Estudiante', '', '', '', 0, 0),
(13, 'V', 51234321, 2, 'Augusto Ramón', 'Bravo', '1960-01-07', 'Soltero', 'Unido', 'M', 'Concubin', 'Básica', 2003, '0294-', '', 'Latonería', 'Latonero', 'Latonería', '', '', 0, 0),
(14, 'V', 12343212, 2, 'Juvenal', 'Castillo', '1930-01-08', 'Casado', 'Unido', 'M', 'Padre', 'Básica', 2004, '', '', '', '', 'Latonería', 'Trastorno congnitivo del ancia', '', 0, 0),
(15, 'V', 12343210, 2, 'Justina', 'Castillo', '1939-07-13', 'Casado', 'Unido', 'F', 'Madre', 'Básica', 2004, '0294-', '', '', '', 'Latonería', '', '', 0, 0),
(16, 'V', 24625158, 4, 'Mónica Eyeu', 'Bastardo Méndez', '1994-10-27', '', '', 'F', 'Hij', 'Bachiller', 1993, '', '', '', 'Estudiante', 'Decoración', '', '', 0, 0),
(17, 'V', 28456789, 4, 'Marjorie ', 'Bastardo Méndez', '1996-11-21', 'Soltero', 'Sin conyugue', 'F', 'Hij', 'Bachiller', 1996, '0294-', '', '', 'Estudiante', '', '', '', 0, 0),
(18, 'V', 28649037, 4, 'Agustín Jesús', 'Bastardo Méndez', '2002-10-21', '', '', 'M', 'Hij', 'Básica', 2002, '', '', '', '', '', '', '', 0, 0),
(19, 'V', 21011917, 2, 'Miguel Ángel', 'Salazar Castillo', '1992-04-28', 'Soltero', 'Unido', 'M', 'Hij', 'Universitario', 2003, '0294-1988112', 'miguel__salazar@hotmail.com', '', '', '', '', '', 0, 0),
(20, 'V', 22922544, 6, 'Carlos', 'Longart', '1992-12-21', 'Soltero', 'Sin conyugue', 'M', 'Representante', 'Bachiller', 1992, '0294-7958442', 'carloslongart3@gmail.com', '', 'Estudiante', '', 'Ninguna', '', 0, 0),
(21, 'V', 19331964, 8, 'Luis', 'Sucre', '1988-05-30', 'Soltero', 'Separado', 'M', 'Representante', 'Universitario', 1988, '0294-3328441', 'sucresr24@gmail.com', 'Administrador', 'Administrador', '', 'Ninguna', '', 0, 0),
(22, 'V', 16062844, 9, 'Emilio Rafael', 'Figueras Castillo', '1983-05-18', 'Soltero', 'Unido', 'M', 'Representante', 'Básica', 1983, '0294-6837301', 'emillio_figuera@hotmail.com', '', 'Chofer', '', '', '', 0, 0);

-- --------------------------------------------------------

--
-- Estructura de tabla para la tabla `proyecto`
--

CREATE TABLE IF NOT EXISTS `proyecto` (
  `id` int(5) NOT NULL AUTO_INCREMENT,
  `titulo` varchar(100) COLLATE utf8_spanish_ci NOT NULL,
  `tipo` varchar(20) COLLATE utf8_spanish_ci NOT NULL,
  `presupuesto_estimado` varchar(10) COLLATE utf8_spanish_ci NOT NULL,
  `presupuesto_aprobado` varchar(10) COLLATE utf8_spanish_ci NOT NULL,
  `fecha_inicial_estimada` date NOT NULL,
  `fecha_final_estimada` date NOT NULL,
  `fecha_inicio` date NOT NULL,
  `fecha_final` date NOT NULL,
  `resumen` varchar(300) COLLATE utf8_spanish_ci NOT NULL,
  `estatus` varchar(15) COLLATE utf8_spanish_ci NOT NULL DEFAULT 'En espera',
  `autor_voceria` int(2) NOT NULL,
  PRIMARY KEY (`id`),
  UNIQUE KEY `titulo` (`titulo`),
  KEY `autor_voceria` (`autor_voceria`)
) ENGINE=InnoDB  DEFAULT CHARSET=utf8 COLLATE=utf8_spanish_ci AUTO_INCREMENT=20 ;

--
-- Volcado de datos para la tabla `proyecto`
--

INSERT INTO `proyecto` (`id`, `titulo`, `tipo`, `presupuesto_estimado`, `presupuesto_aprobado`, `fecha_inicial_estimada`, `fecha_final_estimada`, `fecha_inicio`, `fecha_final`, `resumen`, `estatus`, `autor_voceria`) VALUES
(1, 'Mi proyecto1', 'Sociotecnológico', '3000', '', '2014-03-28', '2015-01-30', '2014-05-04', '0000-00-00', 'Proyecto que da dolor de cabeza', 'En ejecución', 3),
(2, 'MI PROYECTO2', 'Sociotecnológico', '3000', '55000', '2014-10-02', '2014-10-03', '2014-10-20', '2014-10-21', 'Proyecto que da dolor de cabeza', 'Finalizado', 4),
(3, 'Mi proyecto3', '123123', '1111', '55000', '2014-10-18', '2014-10-31', '0000-00-00', '0000-00-00', '1313asdasdaasd asdasdas', 'Aprobado', 4),
(4, 'Mi proyecto4', '123123', '1111', '', '2014-10-15', '0000-00-00', '0000-00-00', '2014-10-31', '1313asdasdaasd asdasdas', 'Finalizado', 4),
(5, 'MI PROYECTO11', 'Enlectrificación', '1111', '5500', '2014-10-01', '2014-10-02', '2014-10-07', '2014-10-01', 'mi proyecto 11 de prueba', 'Finalizado', 4),
(6, 'MI PROYECTO 6', 'Salud', '12313231', '', '0000-00-00', '0000-00-00', '0000-00-00', '0000-00-00', 'Resumen de MI PROYECTO 6', 'En espera', 5),
(7, 'Mi proyecto7', '13123', '2147483647', '12', '2014-11-04', '2014-11-04', '0000-00-00', '0000-00-00', 'Se trata de probar los conversión de mayúscula y quitar la tildes o acentuaciones de las cadenas.', 'Aprobado', 6),
(8, 'MI PROYECT5', 'Socioproductivo', '50500', '', '0000-00-00', '0000-00-00', '0000-00-00', '0000-00-00', 'Automatizar todos los procesos manuales del consejo comunal', 'En espera', 3),
(9, 'MI PROYECTO8', 'Salud', '50500', '', '2014-10-25', '2014-10-30', '2014-10-27', '2014-11-30', 'ok, escribo una breve explicación.', 'Finalizado', 5),
(10, 'MI PROYECTO12', 'Económico', '500000', '', '2014-10-20', '2014-10-30', '0000-00-00', '0000-00-00', 'Resumen de mi proyecto 12', 'En espera', 4),
(11, 'PROYECTO 13', 'Socioecnómico', '12', '', '0000-00-00', '0000-00-00', '0000-00-00', '0000-00-00', 'Resumen de Proyecto 13', 'En espera', 12),
(12, 'PROYECTO 14', 'Socioecnómico', '12', '', '0000-00-00', '0000-00-00', '0000-00-00', '0000-00-00', 'Resumen de Proyecto 14', 'En espera', 13),
(13, 'RESUMEN DE PROYECTO 15', 'Socioecnómico', '12', '', '0000-00-00', '0000-00-00', '0000-00-00', '0000-00-00', 'Resumen de Proyecto 15', 'En espera', 14),
(14, 'RESUMEN DE PROYECTO 16', 'Socioecnómico', '12', '', '0000-00-00', '0000-00-00', '0000-00-00', '0000-00-00', 'Resumen de Proyecto 16', 'En espera', 14),
(15, 'RESUMEN DE PROYECTO 17', 'Socioecnómico', '12', '', '0000-00-00', '0000-00-00', '0000-00-00', '0000-00-00', 'Resumen de Proyecto 17', 'En espera', 13),
(16, 'RESUMEN DE PROYECTO 18', 'Socioecnómico', '12', '', '0000-00-00', '0000-00-00', '0000-00-00', '0000-00-00', 'Resumen de Proyecto 1', 'En espera', 14),
(17, 'RESUMEN DE PROYECTO 19', 'Socioecnómico', '12', '', '0000-00-00', '0000-00-00', '0000-00-00', '0000-00-00', 'Resumen de Proyecto 1', 'En espera', 4),
(18, 'MEJORAMIENTO DE LA ELECTRICIDAD DEL SECTOR LA POZA', 'Electricidad', '800000', '800000', '2015-02-10', '2015-02-24', '0000-00-00', '0000-00-00', 'Resumen del proyecto de Mejoramiento de La Electricidad del Sector La Poza', 'Aprobado', 6),
(19, 'MI PROYECTO 20', 'Categoria', '800000', '', '0000-00-00', '0000-00-00', '0000-00-00', '0000-00-00', 'Resumen de de mi proyecto 20', 'En espera', 14);

-- --------------------------------------------------------

--
-- Estructura de tabla para la tabla `usuario`
--

CREATE TABLE IF NOT EXISTS `usuario` (
  `id` int(2) NOT NULL AUTO_INCREMENT COMMENT 'campo clave',
  `nombre_usuario` varchar(16) COLLATE utf8_spanish_ci NOT NULL,
  `clave` varchar(32) COLLATE utf8_spanish_ci NOT NULL COMMENT 'Contraseña del usuario',
  `nivel_usuario` varchar(15) COLLATE utf8_spanish_ci NOT NULL COMMENT 'Tipo de usuario. El tipo de usaurio define los previlegios del mismo',
  `fecha_creacion` date NOT NULL COMMENT 'Fecha de creación del usaurio',
  `pregunta_secreta` varchar(50) COLLATE utf8_spanish_ci NOT NULL COMMENT 'Pregunta se seguridad para recuperar contraseña',
  `respuesta_secreta` varchar(32) COLLATE utf8_spanish_ci NOT NULL COMMENT 'Respuesta de seguridad para recuperar contraseña',
  `estatus` int(1) NOT NULL DEFAULT '1' COMMENT 'Significa si está habilitado o inhabilitado.',
  `eliminado` int(1) NOT NULL DEFAULT '0' COMMENT 'Campo necesrio para verificar si el usuario ha sido eliminado o no',
  `dni_vocero` int(8) NOT NULL COMMENT 'identificador clave (formando llave foránea)  del vocero que es usuario',
  PRIMARY KEY (`id`),
  UNIQUE KEY `nombre_usuario` (`nombre_usuario`),
  KEY `id_vocero` (`dni_vocero`)
) ENGINE=InnoDB  DEFAULT CHARSET=utf8 COLLATE=utf8_spanish_ci AUTO_INCREMENT=10 ;

--
-- Volcado de datos para la tabla `usuario`
--

INSERT INTO `usuario` (`id`, `nombre_usuario`, `clave`, `nivel_usuario`, `fecha_creacion`, `pregunta_secreta`, `respuesta_secreta`, `estatus`, `eliminado`, `dni_vocero`) VALUES
(1, 'Miguel', '4cab3e1f16670f9c4bc68d6b5c52dd7a', 'Administrador', '2014-12-02', 'Mascota favorita', 'fe5e7f89e951ab958dba7252caecf273', 1, 0, 21011917),
(2, 'Mary', '4cab3e1f16670f9c4bc68d6b5c52dd7a', 'Operador', '2014-10-16', 'Color de cabello', '660e413be78188bf2aa293b75e86c3dd', 1, 0, 11442751),
(3, 'Jesus', '4cab3e1f16670f9c4bc68d6b5c52dd7a', 'Administrador', '2014-10-18', '', '', 1, 1, 26646905),
(4, 'Daniel', '4cab3e1f16670f9c4bc68d6b5c52dd7a', 'Operador', '2014-11-06', 'Secador favorito', '7ff453e4b20aa650cfc14ad66e66d6cb', 0, 0, 24841294),
(5, 'Carlos', 'bba020785cd36a52df715bb06cf30071', 'Administrador', '2014-12-03', 'nombre de mi primer perro ', '5788c77a34a4bf8d2cc602d02fdd1e2a', 1, 0, 22922544),
(7, 'Luis', '4cab3e1f16670f9c4bc68d6b5c52dd7a', 'Operador', '2014-12-27', 'miguel', '00b477d1e0b875c987bfdbcf9d7415bc', 1, 0, 19331964),
(8, 'Monica', '4cab3e1f16670f9c4bc68d6b5c52dd7a', 'Administrador', '2015-01-10', 'A', '7fc56270e7a70fa81a5935b72eacbe29', 0, 0, 24625158);

-- --------------------------------------------------------

--
-- Estructura de tabla para la tabla `vivienda`
--

CREATE TABLE IF NOT EXISTS `vivienda` (
  `id` int(3) NOT NULL AUTO_INCREMENT,
  `tipo_vivienda` varchar(20) COLLATE utf8_spanish_ci NOT NULL,
  `ocupacion_vivienda` varchar(20) COLLATE utf8_spanish_ci NOT NULL,
  `uso_vivienda` varchar(30) COLLATE utf8_spanish_ci NOT NULL,
  `tipo_techo` varchar(20) COLLATE utf8_spanish_ci NOT NULL,
  `tipo_paredes` varchar(20) COLLATE utf8_spanish_ci NOT NULL,
  `tipo_piso` varchar(20) COLLATE utf8_spanish_ci NOT NULL,
  `nivel_vivienda` varchar(20) COLLATE utf8_spanish_ci NOT NULL,
  `propiedad_vivienda` varchar(20) COLLATE utf8_spanish_ci NOT NULL,
  `banio` int(2) NOT NULL,
  `dormitorio` int(2) NOT NULL,
  `cocina` int(2) NOT NULL,
  `nevera` int(2) NOT NULL,
  `aguas_blancas` int(1) NOT NULL,
  `gas` int(1) NOT NULL,
  `electricidad` int(1) NOT NULL,
  `tv_radio` int(1) NOT NULL,
  `observacion` varchar(200) COLLATE utf8_spanish_ci NOT NULL,
  `id_rep_familia` int(3) NOT NULL,
  PRIMARY KEY (`id`),
  KEY `id_rep_familia` (`id_rep_familia`)
) ENGINE=InnoDB  DEFAULT CHARSET=utf8 COLLATE=utf8_spanish_ci COMMENT='Tabla utilizada para registrar los datos de la vivienda de las familias' AUTO_INCREMENT=9 ;

--
-- Volcado de datos para la tabla `vivienda`
--

INSERT INTO `vivienda` (`id`, `tipo_vivienda`, `ocupacion_vivienda`, `uso_vivienda`, `tipo_techo`, `tipo_paredes`, `tipo_piso`, `nivel_vivienda`, `propiedad_vivienda`, `banio`, `dormitorio`, `cocina`, `nevera`, `aguas_blancas`, `gas`, `electricidad`, `tv_radio`, `observacion`, `id_rep_familia`) VALUES
(1, 'Casa', 'De uso permanente', 'Residencial', 'Zinc/Acerolit', 'Bloque frisado', 'Cemento', 'Un nivel', 'Propia', 2, 3, 1, 2, 1, 1, 1, 1, '        ', 1),
(2, 'Casa', 'De uso permanente', 'Residencial', 'Platabanda', 'Bloque frisado', 'Cemento', 'Un nivel', 'Propia', 2, 3, 1, 2, 1, 1, 1, 0, '', 2),
(3, 'Casa', 'De uso permanente', 'Residencial', 'Zinc', 'Bloque frisado', 'Cemento', 'Más de tres niveles', 'Propia', 1, 3, 1, 2, 1, 1, 1, 1, '', 3),
(4, 'Casa', 'De uso permanente', 'Residencial', 'Asbesto', 'Bloque frisado', 'Cemento', 'Dos niveles', 'Propia', 2, 3, 1, 2, 1, 1, 1, 1, '', 4),
(5, '-', '-', '-', '-', '-', '-', '-', '-', 2, 3, 1, 2, 1, 1, 1, 1, '', 6),
(6, 'Casa', 'De uso permanente', '-', 'Asbesto', 'Bloque frisado', 'Cemento', 'Un nivel', 'Propia', 2, 3, 1, 2, 1, 1, 1, 1, '', 8),
(7, '-', '-', '-', '-', '-', '-', '-', '-', 0, 0, 0, 0, 0, 0, 0, 0, '', 9);

-- --------------------------------------------------------

--
-- Estructura de tabla para la tabla `voceria`
--

CREATE TABLE IF NOT EXISTS `voceria` (
  `id` int(2) NOT NULL AUTO_INCREMENT COMMENT 'campo clave del registro',
  `nombre` varchar(40) CHARACTER SET utf8mb4 COLLATE utf8mb4_spanish_ci NOT NULL,
  `funcion` varchar(200) COLLATE utf8_spanish_ci NOT NULL COMMENT 'Función de la vocería en el consejo comunal',
  `estatus` int(1) NOT NULL DEFAULT '1' COMMENT 'Si está habilitada o inabilitada',
  `eliminado` int(1) NOT NULL DEFAULT '0' COMMENT 'Campo necesrio para verificar si la vocería ha sido eliminado o no',
  PRIMARY KEY (`id`),
  UNIQUE KEY `nombre` (`nombre`)
) ENGINE=InnoDB  DEFAULT CHARSET=utf8 COLLATE=utf8_spanish_ci AUTO_INCREMENT=22 ;

--
-- Volcado de datos para la tabla `voceria`
--

INSERT INTO `voceria` (`id`, `nombre`, `funcion`, `estatus`, `eliminado`) VALUES
(1, 'SEGURIDAD Y DEFENZA INTEGRAL', 'Comité de seguridad y denfenza de la comunidad', 1, 0),
(2, 'HABITAT Y VIVIENDA', 'Encargado de las viviendas que se desarrolas en la comunidad.', 1, 0),
(3, 'COMUNICACION E INFORMACION', 'Comié encarado de infomrar y comunidad a toda la comunida de los sucesos y novedades realiacionado con los mismos.', 1, 0),
(4, 'ELECTORAL PERMANENTE', 'Encargado de realizar los procesos electorales y legales que se presenten en el consejo comunal.', 1, 0),
(5, 'DISCAPACIDATOS', 'Encargado de velar por las personas discapacitadas de la comunidad.', 1, 0),
(6, 'MESA TECNICA DE ENERGIA Y GAS', 'Energía y gas de la comunidad', 1, 0),
(7, 'UNIDAD ADMINISTRATIVA Y FINANCIERA', 'Administración y finanzas de la comunidad', 1, 0),
(8, 'COMUNAL DE CONTRATACIONES ', 'Comité encargado de verlas que las compras que se realicen sean al mejor precio y de calidad.', 1, 0),
(9, 'MADRE DEL BARRIO ', 'Comisión encargada de las madres del barrio de la comunidad', 1, 0),
(10, 'EDUCACION Y CULTURA', 'Educación y cultura de la comunidad', 1, 0),
(11, 'ALIMENTACION', 'Alimentación de la comunidad', 1, 0),
(12, 'ECONOMIA COMUNAL', 'Economia comunal  de la comunidad', 1, 0),
(13, 'TIERRA', 'Tierra de la comunidad', 1, 0),
(14, 'SERVICIOS PUBLICOS', 'Servicios pÚblicos de la comunidad', 1, 0),
(15, 'PROTECCION DEL NIÑO, NIÑA Y ADOLESCENTE', 'Protección del niÑo, niÑa y adolescente de la comunidad', 1, 0),
(16, 'ADULTO MAYOR', 'Adulto mayor de la comunidad', 1, 0),
(17, 'DEPORTE Y RECREACION', 'Deporte y recreación de la comunidad', 1, 0),
(18, 'MESA TECNICA DE AGUA', 'Gestión de agua de la comunidad', 1, 0),
(19, 'CONTRALORIA SOCIAL', 'Contraloría social de la comunidad', 1, 0);

-- --------------------------------------------------------

--
-- Estructura de tabla para la tabla `vocero`
--

CREATE TABLE IF NOT EXISTS `vocero` (
  `id` int(2) NOT NULL AUTO_INCREMENT,
  `dni_vocero` int(8) NOT NULL COMMENT 'Documento de Identidad de la persona registrada en la familia',
  `tipo_miembro` varchar(17) COLLATE utf8_spanish_ci NOT NULL COMMENT 'Si se refiere a miembro principa o suplemente',
  `telefono_vocero` varchar(12) COLLATE utf8_spanish_ci NOT NULL,
  `fecha_vigencia` date NOT NULL COMMENT 'Se guarda la fecha de inicio del vocero en el consejo comunal',
  `firmante` int(1) NOT NULL DEFAULT '0' COMMENT 'Se refiere a identificar a los 3 firmantes del consejo comunal',
  `estatus` int(1) DEFAULT '1',
  `eliminado` int(1) NOT NULL DEFAULT '0' COMMENT 'Campo necesrio para verificar si el vocero ha sido eliminado o no',
  `id_voceria` int(2) NOT NULL,
  PRIMARY KEY (`id`),
  UNIQUE KEY `dni_vocero` (`dni_vocero`),
  KEY `id_voceria` (`id_voceria`)
) ENGINE=InnoDB  DEFAULT CHARSET=utf8 COLLATE=utf8_spanish_ci AUTO_INCREMENT=13 ;

--
-- Volcado de datos para la tabla `vocero`
--

INSERT INTO `vocero` (`id`, `dni_vocero`, `tipo_miembro`, `telefono_vocero`, `fecha_vigencia`, `firmante`, `estatus`, `eliminado`, `id_voceria`) VALUES
(1, 10881600, 'Vocero principal', '0426-1288745', '2013-01-01', 2, 0, 1, 7),
(2, 25835631, 'Vocero suplente', '0414-5423234', '2015-01-01', 0, 1, 0, 7),
(3, 11442751, 'Vocero principal', '0416-3234761', '2015-01-01', 2, 1, 0, 7),
(4, 26646905, 'Vocero suplente', '0294-3324257', '2015-01-01', 0, 1, 0, 7),
(5, 3807715, 'Vocero principal', '0294-1231231', '2015-01-01', 2, 1, 0, 7),
(6, 24841294, 'Vocero suplente', '0416-3163109', '2015-01-01', 0, 1, 0, 7),
(7, 21011917, 'Vocero suplente', '0294-3318514', '2015-01-01', 1, 1, 0, 7),
(8, 24625158, 'Vocero principal', '0426-2836595', '2015-01-01', 0, 1, 0, 7),
(9, 22922544, 'Vocero principal', '0294-7958442', '2015-01-01', 0, 1, 0, 11),
(10, 19331964, 'Vocero principal', '0294-3328441', '2015-01-01', 1, 1, 0, 7),
(11, 16062844, 'Vocero suplente', '0416-6837301', '2015-01-01', 1, 1, 0, 7);

--
-- Restricciones para tablas volcadas
--

--
-- Filtros para la tabla `constancia`
--
ALTER TABLE `constancia`
  ADD CONSTRAINT `constancia_ibfk_1` FOREIGN KEY (`dni_persona`) REFERENCES `persona` (`dni`) ON DELETE CASCADE ON UPDATE CASCADE;

--
-- Filtros para la tabla `direccion`
--
ALTER TABLE `direccion`
  ADD CONSTRAINT `direccion_ibfk_1` FOREIGN KEY (`id_parroquia`) REFERENCES `parroquia` (`id`) ON DELETE CASCADE ON UPDATE CASCADE,
  ADD CONSTRAINT `direccion_ibfk_3` FOREIGN KEY (`id_rep_familia`) REFERENCES `familia` (`id`) ON DELETE CASCADE ON UPDATE CASCADE;

--
-- Filtros para la tabla `historial`
--
ALTER TABLE `historial`
  ADD CONSTRAINT `historial_ibfk_1` FOREIGN KEY (`id_usuario`) REFERENCES `usuario` (`id`) ON DELETE CASCADE ON UPDATE CASCADE;

--
-- Filtros para la tabla `municipio`
--
ALTER TABLE `municipio`
  ADD CONSTRAINT `fk_municipio_estado1` FOREIGN KEY (`estado_id`) REFERENCES `estado` (`id`) ON DELETE CASCADE ON UPDATE CASCADE;

--
-- Filtros para la tabla `parroquia`
--
ALTER TABLE `parroquia`
  ADD CONSTRAINT `fk_parroquia_municipio1` FOREIGN KEY (`municipio_id`) REFERENCES `municipio` (`id`) ON DELETE NO ACTION ON UPDATE NO ACTION;

--
-- Filtros para la tabla `persona`
--
ALTER TABLE `persona`
  ADD CONSTRAINT `persona_ibfk_1` FOREIGN KEY (`id_rep`) REFERENCES `familia` (`id`) ON DELETE CASCADE ON UPDATE CASCADE;

--
-- Filtros para la tabla `proyecto`
--
ALTER TABLE `proyecto`
  ADD CONSTRAINT `proyecto_ibfk_1` FOREIGN KEY (`autor_voceria`) REFERENCES `voceria` (`id`) ON DELETE CASCADE ON UPDATE CASCADE;

--
-- Filtros para la tabla `usuario`
--
ALTER TABLE `usuario`
  ADD CONSTRAINT `usuario_ibfk_1` FOREIGN KEY (`dni_vocero`) REFERENCES `vocero` (`dni_vocero`) ON DELETE CASCADE ON UPDATE CASCADE;

--
-- Filtros para la tabla `vivienda`
--
ALTER TABLE `vivienda`
  ADD CONSTRAINT `vivienda_ibfk_1` FOREIGN KEY (`id_rep_familia`) REFERENCES `familia` (`id`) ON DELETE CASCADE ON UPDATE CASCADE;

--
-- Filtros para la tabla `vocero`
--
ALTER TABLE `vocero`
  ADD CONSTRAINT `vocero_ibfk_1` FOREIGN KEY (`id_voceria`) REFERENCES `voceria` (`id`) ON DELETE CASCADE ON UPDATE CASCADE,
  ADD CONSTRAINT `vocero_ibfk_2` FOREIGN KEY (`dni_vocero`) REFERENCES `persona` (`dni`) ON DELETE CASCADE ON UPDATE CASCADE;

/*!40101 SET CHARACTER_SET_CLIENT=@OLD_CHARACTER_SET_CLIENT */;
/*!40101 SET CHARACTER_SET_RESULTS=@OLD_CHARACTER_SET_RESULTS */;
/*!40101 SET COLLATION_CONNECTION=@OLD_COLLATION_CONNECTION */;
